district,year,metric,value
강남구,2005,인구 10만명당 부상자수 (명),854.7
강남구,2005,인구 10만명당 사망자수 (명),5.1
강남구,2005,자동차 1만대당 발생건수 (건),128.9
강남구,2006,인구 10만명당 부상자수 (명),862.3
강남구,2006,인구 10만명당 사망자수 (명),6.6
강남구,2006,자동차 1만대당 발생건수 (건),132.3
강남구,2007,인구 10만명당 부상자수 (명),849.6
강남구,2007,인구 10만명당 사망자수 (명),5.3
강남구,2007,자동차 1만대당 발생건수 (건),128.6
강남구,2008,인구 10만명당 부상자수 (명),790.1
강남구,2008,인구 10만명당 사망자수 (명),4.4
강남구,2008,자동차 1만대당 발생건수 (건),120.8
강남구,2009,인구 10만명당 부상자수 (명),957.9
강남구,2009,인구 10만명당 사망자수 (명),4.7
강남구,2009,자동차 1만대당 발생건수 (건),143.1
강남구,2010,인구 10만명당 부상자수 (명),896.9
강남구,2010,인구 10만명당 사망자수 (명),5.4
강남구,2010,자동차 1만대당 발생건수 (건),131.9
강남구,2011,인구 10만명당 부상자수 (명),904.7
강남구,2011,인구 10만명당 사망자수 (명),6.3
강남구,2011,자동차 1만대당 발생건수 (건),136.1
강남구,2012,인구 10만명당 부상자수 (명),994.0
강남구,2012,인구 10만명당 사망자수 (명),4.4
강남구,2012,자동차 1만대당 발생건수 (건),151.4
강남구,2013,인구 10만명당 부상자수 (명),935.8
강남구,2013,인구 10만명당 사망자수 (명),5.4
강남구,2013,자동차 1만대당 발생건수 (건),143.2
강남구,2014,인구 10만명당 부상자수 (명),903.1
강남구,2014,인구 10만명당 사망자수 (명),2.9
강남구,2014,자동차 1만대당 발생건수 (건),140.3
강남구,2015,인구 10만명당 부상자수 (명),977.4
강남구,2015,인구 10만명당 사망자수 (명),3.4
강남구,2015,자동차 1만대당 발생건수 (건),151.8
강남구,2016,인구 10만명당 부상자수 (명),951.7
강남구,2016,인구 10만명당 사망자수 (명),2.1
강남구,2016,자동차 1만대당 발생건수 (건),147.3
강남구,2017,인구 10만명당 부상자수 (명),883.9
강남구,2017,인구 10만명당 사망자수 (명),3.4
강남구,2017,자동차 1만대당 발생건수 (건),136.0
강남구,2018,인구 10만명당 부상자수 (명),907.3
강남구,2018,인구 10만명당 사망자수 (명),3.7
강남구,2018,자동차 1만대당 발생건수 (건),137.2
강남구,2019,인구 10만명당 부상자수 (명),941.8
강남구,2019,인구 10만명당 사망자수 (명),2.5
강남구,2019,자동차 1만대당 발생건수 (건),147.4
강남구,2020,인구 10만명당 부상자수 (명),953.8
강남구,2020,인구 10만명당 사망자수 (명),3.1
강남구,2020,자동차 1만대당 발생건수 (건),147.5
강남구,2021,인구 10만명당 부상자수 (명),962.3
강남구,2021,인구 10만명당 사망자수 (명),1.9
강남구,2021,자동차 1만대당 발생건수 (건),149.1
강남구,2022,인구 10만명당 부상자수 (명),945.9
강남구,2022,인구 10만명당 사망자수 (명),3.0
강남구,2022,자동차 1만대당 발생건수 (건),140.0
강남구,2023,인구 10만명당 부상자수 (명),950.2
강남구,2023,인구 10만명당 사망자수 (명),1.3
강남구,2023,자동차 1만대당 발생건수 (건),145.7
강동구,2005,인구 10만명당 부상자수 (명),393.9
강동구,2005,인구 10만명당 사망자수 (명),4.1
강동구,2005,자동차 1만대당 발생건수 (건),93.7
강동구,2006,인구 10만명당 부상자수 (명),376.8
강동구,2006,인구 10만명당 사망자수 (명),3.4
강동구,2006,자동차 1만대당 발생건수 (건),89.1
강동구,2007,인구 10만명당 부상자수 (명),449.0
강동구,2007,인구 10만명당 사망자수 (명),4.1
강동구,2007,자동차 1만대당 발생건수 (건),102.3
강동구,2008,인구 10만명당 부상자수 (명),496.2
강동구,2008,인구 10만명당 사망자수 (명),2.7
강동구,2008,자동차 1만대당 발생건수 (건),116.0
강동구,2009,인구 10만명당 부상자수 (명),435.0
강동구,2009,인구 10만명당 사망자수 (명),4.5
강동구,2009,자동차 1만대당 발생건수 (건),101.0
강동구,2010,인구 10만명당 부상자수 (명),391.4
강동구,2010,인구 10만명당 사망자수 (명),2.8
강동구,2010,자동차 1만대당 발생건수 (건),90.7
강동구,2011,인구 10만명당 부상자수 (명),415.6
강동구,2011,인구 10만명당 사망자수 (명),2.6
강동구,2011,자동차 1만대당 발생건수 (건),89.9
강동구,2012,인구 10만명당 부상자수 (명),411.8
강동구,2012,인구 10만명당 사망자수 (명),3.7
강동구,2012,자동차 1만대당 발생건수 (건),92.8
강동구,2013,인구 10만명당 부상자수 (명),398.0
강동구,2013,인구 10만명당 사망자수 (명),2.5
강동구,2013,자동차 1만대당 발생건수 (건),86.3
강동구,2014,인구 10만명당 부상자수 (명),418.4
강동구,2014,인구 10만명당 사망자수 (명),2.9
강동구,2014,자동차 1만대당 발생건수 (건),91.6
강동구,2015,인구 10만명당 부상자수 (명),459.5
강동구,2015,인구 10만명당 사망자수 (명),5.0
강동구,2015,자동차 1만대당 발생건수 (건),96.6
강동구,2016,인구 10만명당 부상자수 (명),436.4
강동구,2016,인구 10만명당 사망자수 (명),3.8
강동구,2016,자동차 1만대당 발생건수 (건),93.3
강동구,2017,인구 10만명당 부상자수 (명),425.3
강동구,2017,인구 10만명당 사망자수 (명),4.3
강동구,2017,자동차 1만대당 발생건수 (건),89.6
강동구,2018,인구 10만명당 부상자수 (명),445.0
강동구,2018,인구 10만명당 사망자수 (명),2.8
강동구,2018,자동차 1만대당 발생건수 (건),93.5
강동구,2019,인구 10만명당 부상자수 (명),433.7
강동구,2019,인구 10만명당 사망자수 (명),2.5
강동구,2019,자동차 1만대당 발생건수 (건),90.5
강동구,2020,인구 10만명당 부상자수 (명),344.8
강동구,2020,인구 10만명당 사망자수 (명),1.5
강동구,2020,자동차 1만대당 발생건수 (건),75.9
강동구,2021,인구 10만명당 부상자수 (명),302.9
강동구,2021,인구 10만명당 사망자수 (명),1.9
강동구,2021,자동차 1만대당 발생건수 (건),61.7
강동구,2022,인구 10만명당 부상자수 (명),334.7
강동구,2022,인구 10만명당 사망자수 (명),1.5
강동구,2022,자동차 1만대당 발생건수 (건),67.5
강동구,2023,인구 10만명당 부상자수 (명),328.5
강동구,2023,인구 10만명당 사망자수 (명),0.9
강동구,2023,자동차 1만대당 발생건수 (건),69.1
강북구,2005,인구 10만명당 부상자수 (명),452.0
강북구,2005,인구 10만명당 사망자수 (명),5.1
강북구,2005,자동차 1만대당 발생건수 (건),124.4
강북구,2006,인구 10만명당 부상자수 (명),505.4
강북구,2006,인구 10만명당 사망자수 (명),2.0
강북구,2006,자동차 1만대당 발생건수 (건),137.4
강북구,2007,인구 10만명당 부상자수 (명),513.9
강북구,2007,인구 10만명당 사망자수 (명),3.2
강북구,2007,자동차 1만대당 발생건수 (건),137.8
강북구,2008,인구 10만명당 부상자수 (명),545.8
강북구,2008,인구 10만명당 사망자수 (명),3.5
강북구,2008,자동차 1만대당 발생건수 (건),149.6
강북구,2009,인구 10만명당 부상자수 (명),566.7
강북구,2009,인구 10만명당 사망자수 (명),5.8
강북구,2009,자동차 1만대당 발생건수 (건),151.0
강북구,2010,인구 10만명당 부상자수 (명),508.6
강북구,2010,인구 10만명당 사망자수 (명),4.6
강북구,2010,자동차 1만대당 발생건수 (건),137.4
강북구,2011,인구 10만명당 부상자수 (명),472.6
강북구,2011,인구 10만명당 사망자수 (명),2.0
강북구,2011,자동차 1만대당 발생건수 (건),124.1
강북구,2012,인구 10만명당 부상자수 (명),484.9
강북구,2012,인구 10만명당 사망자수 (명),2.6
강북구,2012,자동차 1만대당 발생건수 (건),125.6
강북구,2013,인구 10만명당 부상자수 (명),446.0
강북구,2013,인구 10만명당 사망자수 (명),2.9
강북구,2013,자동차 1만대당 발생건수 (건),115.0
강북구,2014,인구 10만명당 부상자수 (명),523.9
강북구,2014,인구 10만명당 사망자수 (명),3.5
강북구,2014,자동차 1만대당 발생건수 (건),136.0
강북구,2015,인구 10만명당 부상자수 (명),503.6
강북구,2015,인구 10만명당 사망자수 (명),4.8
강북구,2015,자동차 1만대당 발생건수 (건),129.5
강북구,2016,인구 10만명당 부상자수 (명),507.4
강북구,2016,인구 10만명당 사망자수 (명),4.5
강북구,2016,자동차 1만대당 발생건수 (건),124.2
강북구,2017,인구 10만명당 부상자수 (명),477.7
강북구,2017,인구 10만명당 사망자수 (명),2.7
강북구,2017,자동차 1만대당 발생건수 (건),120.5
강북구,2018,인구 10만명당 부상자수 (명),505.7
강북구,2018,인구 10만명당 사망자수 (명),4.0
강북구,2018,자동차 1만대당 발생건수 (건),122.6
강북구,2019,인구 10만명당 부상자수 (명),537.0
강북구,2019,인구 10만명당 사망자수 (명),2.2
강북구,2019,자동차 1만대당 발생건수 (건),130.0
강북구,2020,인구 10만명당 부상자수 (명),455.8
강북구,2020,인구 10만명당 사망자수 (명),1.0
강북구,2020,자동차 1만대당 발생건수 (건),110.9
강북구,2021,인구 10만명당 부상자수 (명),430.3
강북구,2021,인구 10만명당 사망자수 (명),2.0
강북구,2021,자동차 1만대당 발생건수 (건),109.4
강북구,2022,인구 10만명당 부상자수 (명),425.3
강북구,2022,인구 10만명당 사망자수 (명),2.0
강북구,2022,자동차 1만대당 발생건수 (건),112.0
강북구,2023,인구 10만명당 부상자수 (명),415.4
강북구,2023,인구 10만명당 사망자수 (명),1.7
강북구,2023,자동차 1만대당 발생건수 (건),105.0
강서구,2005,인구 10만명당 부상자수 (명),488.9
강서구,2005,인구 10만명당 사망자수 (명),3.4
강서구,2005,자동차 1만대당 발생건수 (건),104.2
강서구,2006,인구 10만명당 부상자수 (명),435.3
강서구,2006,인구 10만명당 사망자수 (명),4.3
강서구,2006,자동차 1만대당 발생건수 (건),95.2
강서구,2007,인구 10만명당 부상자수 (명),438.5
강서구,2007,인구 10만명당 사망자수 (명),3.4
강서구,2007,자동차 1만대당 발생건수 (건),97.1
강서구,2008,인구 10만명당 부상자수 (명),481.7
강서구,2008,인구 10만명당 사망자수 (명),3.8
강서구,2008,자동차 1만대당 발생건수 (건),109.2
강서구,2009,인구 10만명당 부상자수 (명),495.0
강서구,2009,인구 10만명당 사망자수 (명),2.6
강서구,2009,자동차 1만대당 발생건수 (건),104.3
강서구,2010,인구 10만명당 부상자수 (명),446.9
강서구,2010,인구 10만명당 사망자수 (명),3.6
강서구,2010,자동차 1만대당 발생건수 (건),95.1
강서구,2011,인구 10만명당 부상자수 (명),475.8
강서구,2011,인구 10만명당 사망자수 (명),2.8
강서구,2011,자동차 1만대당 발생건수 (건),96.6
강서구,2012,인구 10만명당 부상자수 (명),448.4
강서구,2012,인구 10만명당 사망자수 (명),4.4
강서구,2012,자동차 1만대당 발생건수 (건),90.9
강서구,2013,인구 10만명당 부상자수 (명),437.6
강서구,2013,인구 10만명당 사망자수 (명),4.5
강서구,2013,자동차 1만대당 발생건수 (건),88.4
강서구,2014,인구 10만명당 부상자수 (명),441.8
강서구,2014,인구 10만명당 사망자수 (명),5.4
강서구,2014,자동차 1만대당 발생건수 (건),88.6
강서구,2015,인구 10만명당 부상자수 (명),463.7
강서구,2015,인구 10만명당 사망자수 (명),2.0
강서구,2015,자동차 1만대당 발생건수 (건),92.2
강서구,2016,인구 10만명당 부상자수 (명),370.4
강서구,2016,인구 10만명당 사망자수 (명),2.2
강서구,2016,자동차 1만대당 발생건수 (건),78.7
강서구,2017,인구 10만명당 부상자수 (명),354.3
강서구,2017,인구 10만명당 사망자수 (명),2.0
강서구,2017,자동차 1만대당 발생건수 (건),71.8
강서구,2018,인구 10만명당 부상자수 (명),365.8
강서구,2018,인구 10만명당 사망자수 (명),1.8
강서구,2018,자동차 1만대당 발생건수 (건),67.4
강서구,2019,인구 10만명당 부상자수 (명),416.4
강서구,2019,인구 10만명당 사망자수 (명),3.3
강서구,2019,자동차 1만대당 발생건수 (건),81.9
강서구,2020,인구 10만명당 부상자수 (명),363.7
강서구,2020,인구 10만명당 사망자수 (명),2.9
강서구,2020,자동차 1만대당 발생건수 (건),70.2
강서구,2021,인구 10만명당 부상자수 (명),352.2
강서구,2021,인구 10만명당 사망자수 (명),2.2
강서구,2021,자동차 1만대당 발생건수 (건),66.8
강서구,2022,인구 10만명당 부상자수 (명),366.8
강서구,2022,인구 10만명당 사망자수 (명),2.6
강서구,2022,자동차 1만대당 발생건수 (건),71.1
강서구,2023,인구 10만명당 부상자수 (명),371.3
강서구,2023,인구 10만명당 사망자수 (명),1.6
강서구,2023,자동차 1만대당 발생건수 (건),67.7
관악구,2005,인구 10만명당 부상자수 (명),437.2
관악구,2005,인구 10만명당 사망자수 (명),4.7
관악구,2005,자동차 1만대당 발생건수 (건),120.7
관악구,2006,인구 10만명당 부상자수 (명),435.2
관악구,2006,인구 10만명당 사망자수 (명),2.2
관악구,2006,자동차 1만대당 발생건수 (건),119.6
관악구,2007,인구 10만명당 부상자수 (명),471.5
관악구,2007,인구 10만명당 사망자수 (명),3.3
관악구,2007,자동차 1만대당 발생건수 (건),131.0
관악구,2008,인구 10만명당 부상자수 (명),491.1
관악구,2008,인구 10만명당 사망자수 (명),2.4
관악구,2008,자동차 1만대당 발생건수 (건),138.2
관악구,2009,인구 10만명당 부상자수 (명),507.6
관악구,2009,인구 10만명당 사망자수 (명),2.6
관악구,2009,자동차 1만대당 발생건수 (건),140.1
관악구,2010,인구 10만명당 부상자수 (명),478.8
관악구,2010,인구 10만명당 사망자수 (명),2.9
관악구,2010,자동차 1만대당 발생건수 (건),131.3
관악구,2011,인구 10만명당 부상자수 (명),438.5
관악구,2011,인구 10만명당 사망자수 (명),3.1
관악구,2011,자동차 1만대당 발생건수 (건),123.3
관악구,2012,인구 10만명당 부상자수 (명),425.3
관악구,2012,인구 10만명당 사망자수 (명),3.7
관악구,2012,자동차 1만대당 발생건수 (건),119.9
관악구,2013,인구 10만명당 부상자수 (명),463.8
관악구,2013,인구 10만명당 사망자수 (명),3.7
관악구,2013,자동차 1만대당 발생건수 (건),122.9
관악구,2014,인구 10만명당 부상자수 (명),435.6
관악구,2014,인구 10만명당 사망자수 (명),4.1
관악구,2014,자동차 1만대당 발생건수 (건),119.5
관악구,2015,인구 10만명당 부상자수 (명),403.6
관악구,2015,인구 10만명당 사망자수 (명),2.3
관악구,2015,자동차 1만대당 발생건수 (건),111.7
관악구,2016,인구 10만명당 부상자수 (명),360.5
관악구,2016,인구 10만명당 사망자수 (명),3.6
관악구,2016,자동차 1만대당 발생건수 (건),95.9
관악구,2017,인구 10만명당 부상자수 (명),318.5
관악구,2017,인구 10만명당 사망자수 (명),2.1
관악구,2017,자동차 1만대당 발생건수 (건),85.3
관악구,2018,인구 10만명당 부상자수 (명),330.2
관악구,2018,인구 10만명당 사망자수 (명),1.5
관악구,2018,자동차 1만대당 발생건수 (건),89.1
관악구,2019,인구 10만명당 부상자수 (명),339.2
관악구,2019,인구 10만명당 사망자수 (명),1.9
관악구,2019,자동차 1만대당 발생건수 (건),94.3
관악구,2020,인구 10만명당 부상자수 (명),356.8
관악구,2020,인구 10만명당 사망자수 (명),2.6
관악구,2020,자동차 1만대당 발생건수 (건),99.9
관악구,2021,인구 10만명당 부상자수 (명),366.2
관악구,2021,인구 10만명당 사망자수 (명),1.6
관악구,2021,자동차 1만대당 발생건수 (건),101.8
관악구,2022,인구 10만명당 부상자수 (명),306.2
관악구,2022,인구 10만명당 사망자수 (명),1.8
관악구,2022,자동차 1만대당 발생건수 (건),83.5
관악구,2023,인구 10만명당 부상자수 (명),251.5
관악구,2023,인구 10만명당 사망자수 (명),2.0
관악구,2023,자동차 1만대당 발생건수 (건),70.0
광진구,2005,인구 10만명당 부상자수 (명),599.8
광진구,2005,인구 10만명당 사망자수 (명),5.5
광진구,2005,자동차 1만대당 발생건수 (건),146.4
광진구,2006,인구 10만명당 부상자수 (명),612.8
광진구,2006,인구 10만명당 사망자수 (명),2.9
광진구,2006,자동차 1만대당 발생건수 (건),149.1
광진구,2007,인구 10만명당 부상자수 (명),620.1
광진구,2007,인구 10만명당 사망자수 (명),4.4
광진구,2007,자동차 1만대당 발생건수 (건),154.4
광진구,2008,인구 10만명당 부상자수 (명),637.8
광진구,2008,인구 10만명당 사망자수 (명),4.4
광진구,2008,자동차 1만대당 발생건수 (건),151.6
광진구,2009,인구 10만명당 부상자수 (명),604.1
광진구,2009,인구 10만명당 사망자수 (명),6.7
광진구,2009,자동차 1만대당 발생건수 (건),148.9
광진구,2010,인구 10만명당 부상자수 (명),569.0
광진구,2010,인구 10만명당 사망자수 (명),4.4
광진구,2010,자동차 1만대당 발생건수 (건),139.7
광진구,2011,인구 10만명당 부상자수 (명),525.8
광진구,2011,인구 10만명당 사망자수 (명),5.9
광진구,2011,자동차 1만대당 발생건수 (건),128.0
광진구,2012,인구 10만명당 부상자수 (명),569.9
광진구,2012,인구 10만명당 사망자수 (명),4.4
광진구,2012,자동차 1만대당 발생건수 (건),131.9
광진구,2013,인구 10만명당 부상자수 (명),502.3
광진구,2013,인구 10만명당 사망자수 (명),2.6
광진구,2013,자동차 1만대당 발생건수 (건),114.3
광진구,2014,인구 10만명당 부상자수 (명),551.4
광진구,2014,인구 10만명당 사망자수 (명),3.2
광진구,2014,자동차 1만대당 발생건수 (건),130.3
광진구,2015,인구 10만명당 부상자수 (명),464.8
광진구,2015,인구 10만명당 사망자수 (명),4.5
광진구,2015,자동차 1만대당 발생건수 (건),107.5
광진구,2016,인구 10만명당 부상자수 (명),394.0
광진구,2016,인구 10만명당 사망자수 (명),2.4
광진구,2016,자동차 1만대당 발생건수 (건),90.4
광진구,2017,인구 10만명당 부상자수 (명),387.1
광진구,2017,인구 10만명당 사망자수 (명),4.3
광진구,2017,자동차 1만대당 발생건수 (건),90.9
광진구,2018,인구 10만명당 부상자수 (명),397.2
광진구,2018,인구 10만명당 사망자수 (명),2.7
광진구,2018,자동차 1만대당 발생건수 (건),93.2
광진구,2019,인구 10만명당 부상자수 (명),358.6
광진구,2019,인구 10만명당 사망자수 (명),0.8
광진구,2019,자동차 1만대당 발생건수 (건),82.8
광진구,2020,인구 10만명당 부상자수 (명),318.0
광진구,2020,인구 10만명당 사망자수 (명),1.1
광진구,2020,자동차 1만대당 발생건수 (건),73.9
광진구,2021,인구 10만명당 부상자수 (명),344.8
광진구,2021,인구 10만명당 사망자수 (명),1.1
광진구,2021,자동차 1만대당 발생건수 (건),78.7
광진구,2022,인구 10만명당 부상자수 (명),275.0
광진구,2022,인구 10만명당 사망자수 (명),2.6
광진구,2022,자동차 1만대당 발생건수 (건),60.2
광진구,2023,인구 10만명당 부상자수 (명),256.0
광진구,2023,인구 10만명당 사망자수 (명),1.1
광진구,2023,자동차 1만대당 발생건수 (건),61.4
구로구,2005,인구 10만명당 부상자수 (명),514.1
구로구,2005,인구 10만명당 사망자수 (명),5.6
구로구,2005,자동차 1만대당 발생건수 (건),103.9
구로구,2006,인구 10만명당 부상자수 (명),495.2
구로구,2006,인구 10만명당 사망자수 (명),5.0
구로구,2006,자동차 1만대당 발생건수 (건),99.3
구로구,2007,인구 10만명당 부상자수 (명),521.7
구로구,2007,인구 10만명당 사망자수 (명),2.9
구로구,2007,자동차 1만대당 발생건수 (건),101.0
구로구,2008,인구 10만명당 부상자수 (명),523.3
구로구,2008,인구 10만명당 사망자수 (명),4.9
구로구,2008,자동차 1만대당 발생건수 (건),105.8
구로구,2009,인구 10만명당 부상자수 (명),525.8
구로구,2009,인구 10만명당 사망자수 (명),3.3
구로구,2009,자동차 1만대당 발생건수 (건),106.4
구로구,2010,인구 10만명당 부상자수 (명),501.5
구로구,2010,인구 10만명당 사망자수 (명),3.1
구로구,2010,자동차 1만대당 발생건수 (건),103.5
구로구,2011,인구 10만명당 부상자수 (명),485.1
구로구,2011,인구 10만명당 사망자수 (명),3.3
구로구,2011,자동차 1만대당 발생건수 (건),105.0
구로구,2012,인구 10만명당 부상자수 (명),520.6
구로구,2012,인구 10만명당 사망자수 (명),4.6
구로구,2012,자동차 1만대당 발생건수 (건),108.6
구로구,2013,인구 10만명당 부상자수 (명),478.8
구로구,2013,인구 10만명당 사망자수 (명),4.2
구로구,2013,자동차 1만대당 발생건수 (건),94.6
구로구,2014,인구 10만명당 부상자수 (명),482.4
구로구,2014,인구 10만명당 사망자수 (명),4.2
구로구,2014,자동차 1만대당 발생건수 (건),102.2
구로구,2015,인구 10만명당 부상자수 (명),467.9
구로구,2015,인구 10만명당 사망자수 (명),4.2
구로구,2015,자동차 1만대당 발생건수 (건),97.4
구로구,2016,인구 10만명당 부상자수 (명),475.8
구로구,2016,인구 10만명당 사망자수 (명),2.0
구로구,2016,자동차 1만대당 발생건수 (건),96.3
구로구,2017,인구 10만명당 부상자수 (명),443.9
구로구,2017,인구 10만명당 사망자수 (명),2.7
구로구,2017,자동차 1만대당 발생건수 (건),89.4
구로구,2018,인구 10만명당 부상자수 (명),485.5
구로구,2018,인구 10만명당 사망자수 (명),3.0
구로구,2018,자동차 1만대당 발생건수 (건),95.6
구로구,2019,인구 10만명당 부상자수 (명),477.0
구로구,2019,인구 10만명당 사망자수 (명),3.0
구로구,2019,자동차 1만대당 발생건수 (건),95.5
구로구,2020,인구 10만명당 부상자수 (명),418.5
구로구,2020,인구 10만명당 사망자수 (명),2.3
구로구,2020,자동차 1만대당 발생건수 (건),82.2
구로구,2021,인구 10만명당 부상자수 (명),410.5
구로구,2021,인구 10만명당 사망자수 (명),2.1
구로구,2021,자동차 1만대당 발생건수 (건),84.0
구로구,2022,인구 10만명당 부상자수 (명),404.1
구로구,2022,인구 10만명당 사망자수 (명),2.9
구로구,2022,자동차 1만대당 발생건수 (건),77.9
구로구,2023,인구 10만명당 부상자수 (명),442.7
구로구,2023,인구 10만명당 사망자수 (명),1.2
구로구,2023,자동차 1만대당 발생건수 (건),83.5
금천구,2005,인구 10만명당 부상자수 (명),491.8
금천구,2005,인구 10만명당 사망자수 (명),5.7
금천구,2005,자동차 1만대당 발생건수 (건),99.7
금천구,2006,인구 10만명당 부상자수 (명),520.9
금천구,2006,인구 10만명당 사망자수 (명),3.8
금천구,2006,자동차 1만대당 발생건수 (건),107.2
금천구,2007,인구 10만명당 부상자수 (명),493.3
금천구,2007,인구 10만명당 사망자수 (명),5.3
금천구,2007,자동차 1만대당 발생건수 (건),106.6
금천구,2008,인구 10만명당 부상자수 (명),529.7
금천구,2008,인구 10만명당 사망자수 (명),5.3
금천구,2008,자동차 1만대당 발생건수 (건),118.2
금천구,2009,인구 10만명당 부상자수 (명),626.7
금천구,2009,인구 10만명당 사망자수 (명),8.0
금천구,2009,자동차 1만대당 발생건수 (건),132.1
금천구,2010,인구 10만명당 부상자수 (명),643.4
금천구,2010,인구 10만명당 사망자수 (명),4.5
금천구,2010,자동차 1만대당 발생건수 (건),135.5
금천구,2011,인구 10만명당 부상자수 (명),624.0
금천구,2011,인구 10만명당 사망자수 (명),3.8
금천구,2011,자동차 1만대당 발생건수 (건),133.5
금천구,2012,인구 10만명당 부상자수 (명),590.6
금천구,2012,인구 10만명당 사망자수 (명),8.1
금천구,2012,자동차 1만대당 발생건수 (건),116.8
금천구,2013,인구 10만명당 부상자수 (명),549.5
금천구,2013,인구 10만명당 사망자수 (명),3.9
금천구,2013,자동차 1만대당 발생건수 (건),103.7
금천구,2014,인구 10만명당 부상자수 (명),594.9
금천구,2014,인구 10만명당 사망자수 (명),5.0
금천구,2014,자동차 1만대당 발생건수 (건),111.0
금천구,2015,인구 10만명당 부상자수 (명),536.4
금천구,2015,인구 10만명당 사망자수 (명),3.9
금천구,2015,자동차 1만대당 발생건수 (건),96.8
금천구,2016,인구 10만명당 부상자수 (명),444.9
금천구,2016,인구 10만명당 사망자수 (명),5.9
금천구,2016,자동차 1만대당 발생건수 (건),82.8
금천구,2017,인구 10만명당 부상자수 (명),484.4
금천구,2017,인구 10만명당 사망자수 (명),2.4
금천구,2017,자동차 1만대당 발생건수 (건),84.0
금천구,2018,인구 10만명당 부상자수 (명),522.0
금천구,2018,인구 10만명당 사망자수 (명),2.4
금천구,2018,자동차 1만대당 발생건수 (건),94.5
금천구,2019,인구 10만명당 부상자수 (명),537.3
금천구,2019,인구 10만명당 사망자수 (명),3.6
금천구,2019,자동차 1만대당 발생건수 (건),92.8
금천구,2020,인구 10만명당 부상자수 (명),437.4
금천구,2020,인구 10만명당 사망자수 (명),2.4
금천구,2020,자동차 1만대당 발생건수 (건),80.8
금천구,2021,인구 10만명당 부상자수 (명),476.5
금천구,2021,인구 10만명당 사망자수 (명),6.5
금천구,2021,자동차 1만대당 발생건수 (건),81.5
금천구,2022,인구 10만명당 부상자수 (명),474.4
금천구,2022,인구 10만명당 사망자수 (명),3.7
금천구,2022,자동차 1만대당 발생건수 (건),81.2
금천구,2023,인구 10만명당 부상자수 (명),511.0
금천구,2023,인구 10만명당 사망자수 (명),2.9
금천구,2023,자동차 1만대당 발생건수 (건),82.6
노원구,2005,인구 10만명당 부상자수 (명),422.2
노원구,2005,인구 10만명당 사망자수 (명),3.2
노원구,2005,자동차 1만대당 발생건수 (건),105.3
노원구,2006,인구 10만명당 부상자수 (명),393.6
노원구,2006,인구 10만명당 사망자수 (명),2.6
노원구,2006,자동차 1만대당 발생건수 (건),96.3
노원구,2007,인구 10만명당 부상자수 (명),383.1
노원구,2007,인구 10만명당 사망자수 (명),4.2
노원구,2007,자동차 1만대당 발생건수 (건),102.6
노원구,2008,인구 10만명당 부상자수 (명),398.8
노원구,2008,인구 10만명당 사망자수 (명),3.5
노원구,2008,자동차 1만대당 발생건수 (건),104.0
노원구,2009,인구 10만명당 부상자수 (명),423.0
노원구,2009,인구 10만명당 사망자수 (명),3.4
노원구,2009,자동차 1만대당 발생건수 (건),108.4
노원구,2010,인구 10만명당 부상자수 (명),395.5
노원구,2010,인구 10만명당 사망자수 (명),4.1
노원구,2010,자동차 1만대당 발생건수 (건),99.2
노원구,2011,인구 10만명당 부상자수 (명),366.9
노원구,2011,인구 10만명당 사망자수 (명),2.3
노원구,2011,자동차 1만대당 발생건수 (건),90.5
노원구,2012,인구 10만명당 부상자수 (명),387.8
노원구,2012,인구 10만명당 사망자수 (명),2.2
노원구,2012,자동차 1만대당 발생건수 (건),96.0
노원구,2013,인구 10만명당 부상자수 (명),366.1
노원구,2013,인구 10만명당 사망자수 (명),2.2
노원구,2013,자동차 1만대당 발생건수 (건),90.5
노원구,2014,인구 10만명당 부상자수 (명),347.7
노원구,2014,인구 10만명당 사망자수 (명),2.9
노원구,2014,자동차 1만대당 발생건수 (건),90.1
노원구,2015,인구 10만명당 부상자수 (명),362.8
노원구,2015,인구 10만명당 사망자수 (명),2.6
노원구,2015,자동차 1만대당 발생건수 (건),85.9
노원구,2016,인구 10만명당 부상자수 (명),388.0
노원구,2016,인구 10만명당 사망자수 (명),2.3
노원구,2016,자동차 1만대당 발생건수 (건),89.8
노원구,2017,인구 10만명당 부상자수 (명),368.2
노원구,2017,인구 10만명당 사망자수 (명),2.0
노원구,2017,자동차 1만대당 발생건수 (건),88.3
노원구,2018,인구 10만명당 부상자수 (명),406.3
노원구,2018,인구 10만명당 사망자수 (명),2.6
노원구,2018,자동차 1만대당 발생건수 (건),93.1
노원구,2019,인구 10만명당 부상자수 (명),428.4
노원구,2019,인구 10만명당 사망자수 (명),1.5
노원구,2019,자동차 1만대당 발생건수 (건),102.0
노원구,2020,인구 10만명당 부상자수 (명),382.5
노원구,2020,인구 10만명당 사망자수 (명),0.9
노원구,2020,자동차 1만대당 발생건수 (건),87.1
노원구,2021,인구 10만명당 부상자수 (명),376.7
노원구,2021,인구 10만명당 사망자수 (명),1.6
노원구,2021,자동차 1만대당 발생건수 (건),84.4
노원구,2022,인구 10만명당 부상자수 (명),376.6
노원구,2022,인구 10만명당 사망자수 (명),1.2
노원구,2022,자동차 1만대당 발생건수 (건),82.5
노원구,2023,인구 10만명당 부상자수 (명),371.6
노원구,2023,인구 10만명당 사망자수 (명),1.8
노원구,2023,자동차 1만대당 발생건수 (건),81.5
도봉구,2005,인구 10만명당 부상자수 (명),367.5
도봉구,2005,인구 10만명당 사망자수 (명),2.1
도봉구,2005,자동차 1만대당 발생건수 (건),87.7
도봉구,2006,인구 10만명당 부상자수 (명),361.3
도봉구,2006,인구 10만명당 사망자수 (명),2.4
도봉구,2006,자동차 1만대당 발생건수 (건),80.9
도봉구,2007,인구 10만명당 부상자수 (명),314.6
도봉구,2007,인구 10만명당 사망자수 (명),2.9
도봉구,2007,자동차 1만대당 발생건수 (건),74.5
도봉구,2008,인구 10만명당 부상자수 (명),389.4
도봉구,2008,인구 10만명당 사망자수 (명),4.5
도봉구,2008,자동차 1만대당 발생건수 (건),96.6
도봉구,2009,인구 10만명당 부상자수 (명),377.3
도봉구,2009,인구 10만명당 사망자수 (명),4.6
도봉구,2009,자동차 1만대당 발생건수 (건),91.5
도봉구,2010,인구 10만명당 부상자수 (명),367.4
도봉구,2010,인구 10만명당 사망자수 (명),3.0
도봉구,2010,자동차 1만대당 발생건수 (건),90.7
도봉구,2011,인구 10만명당 부상자수 (명),347.6
도봉구,2011,인구 10만명당 사망자수 (명),4.1
도봉구,2011,자동차 1만대당 발생건수 (건),86.2
도봉구,2012,인구 10만명당 부상자수 (명),355.1
도봉구,2012,인구 10만명당 사망자수 (명),4.4
도봉구,2012,자동차 1만대당 발생건수 (건),90.6
도봉구,2013,인구 10만명당 부상자수 (명),349.1
도봉구,2013,인구 10만명당 사망자수 (명),2.2
도봉구,2013,자동차 1만대당 발생건수 (건),85.9
도봉구,2014,인구 10만명당 부상자수 (명),338.8
도봉구,2014,인구 10만명당 사망자수 (명),3.9
도봉구,2014,자동차 1만대당 발생건수 (건),83.9
도봉구,2015,인구 10만명당 부상자수 (명),355.3
도봉구,2015,인구 10만명당 사망자수 (명),2.3
도봉구,2015,자동차 1만대당 발생건수 (건),82.6
도봉구,2016,인구 10만명당 부상자수 (명),372.9
도봉구,2016,인구 10만명당 사망자수 (명),3.1
도봉구,2016,자동차 1만대당 발생건수 (건),84.9
도봉구,2017,인구 10만명당 부상자수 (명),357.9
도봉구,2017,인구 10만명당 사망자수 (명),2.6
도봉구,2017,자동차 1만대당 발생건수 (건),84.3
도봉구,2018,인구 10만명당 부상자수 (명),310.6
도봉구,2018,인구 10만명당 사망자수 (명),1.8
도봉구,2018,자동차 1만대당 발생건수 (건),73.5
도봉구,2019,인구 10만명당 부상자수 (명),346.5
도봉구,2019,인구 10만명당 사망자수 (명),1.2
도봉구,2019,자동차 1만대당 발생건수 (건),76.6
도봉구,2020,인구 10만명당 부상자수 (명),302.4
도봉구,2020,인구 10만명당 사망자수 (명),2.1
도봉구,2020,자동차 1만대당 발생건수 (건),66.9
도봉구,2021,인구 10만명당 부상자수 (명),240.5
도봉구,2021,인구 10만명당 사망자수 (명),0.9
도봉구,2021,자동차 1만대당 발생건수 (건),54.1
도봉구,2022,인구 10만명당 부상자수 (명),224.5
도봉구,2022,인구 10만명당 사망자수 (명),0.6
도봉구,2022,자동차 1만대당 발생건수 (건),47.9
도봉구,2023,인구 10만명당 부상자수 (명),221.3
도봉구,2023,인구 10만명당 사망자수 (명),2.3
도봉구,2023,자동차 1만대당 발생건수 (건),48.9
동대문구,2005,인구 10만명당 부상자수 (명),644.4
동대문구,2005,인구 10만명당 사망자수 (명),5.4
동대문구,2005,자동차 1만대당 발생건수 (건),155.4
동대문구,2006,인구 10만명당 부상자수 (명),626.1
동대문구,2006,인구 10만명당 사망자수 (명),6.5
동대문구,2006,자동차 1만대당 발생건수 (건),158.2
동대문구,2007,인구 10만명당 부상자수 (명),631.4
동대문구,2007,인구 10만명당 사망자수 (명),7.0
동대문구,2007,자동차 1만대당 발생건수 (건),157.9
동대문구,2008,인구 10만명당 부상자수 (명),622.8
동대문구,2008,인구 10만명당 사망자수 (명),10.7
동대문구,2008,자동차 1만대당 발생건수 (건),150.5
동대문구,2009,인구 10만명당 부상자수 (명),698.7
동대문구,2009,인구 10만명당 사망자수 (명),7.2
동대문구,2009,자동차 1만대당 발생건수 (건),177.6
동대문구,2010,인구 10만명당 부상자수 (명),654.8
동대문구,2010,인구 10만명당 사망자수 (명),6.6
동대문구,2010,자동차 1만대당 발생건수 (건),162.1
동대문구,2011,인구 10만명당 부상자수 (명),642.2
동대문구,2011,인구 10만명당 사망자수 (명),3.4
동대문구,2011,자동차 1만대당 발생건수 (건),155.8
동대문구,2012,인구 10만명당 부상자수 (명),668.4
동대문구,2012,인구 10만명당 사망자수 (명),5.3
동대문구,2012,자동차 1만대당 발생건수 (건),161.8
동대문구,2013,인구 10만명당 부상자수 (명),670.5
동대문구,2013,인구 10만명당 사망자수 (명),4.3
동대문구,2013,자동차 1만대당 발생건수 (건),167.5
동대문구,2014,인구 10만명당 부상자수 (명),639.6
동대문구,2014,인구 10만명당 사망자수 (명),7.2
동대문구,2014,자동차 1만대당 발생건수 (건),154.3
동대문구,2015,인구 10만명당 부상자수 (명),730.6
동대문구,2015,인구 10만명당 사망자수 (명),4.3
동대문구,2015,자동차 1만대당 발생건수 (건),172.5
동대문구,2016,인구 10만명당 부상자수 (명),709.9
동대문구,2016,인구 10만명당 사망자수 (명),3.8
동대문구,2016,자동차 1만대당 발생건수 (건),168.9
동대문구,2017,인구 10만명당 부상자수 (명),584.4
동대문구,2017,인구 10만명당 사망자수 (명),6.8
동대문구,2017,자동차 1만대당 발생건수 (건),141.2
동대문구,2018,인구 10만명당 부상자수 (명),592.9
동대문구,2018,인구 10만명당 사망자수 (명),3.8
동대문구,2018,자동차 1만대당 발생건수 (건),139.2
동대문구,2019,인구 10만명당 부상자수 (명),547.6
동대문구,2019,인구 10만명당 사망자수 (명),4.1
동대문구,2019,자동차 1만대당 발생건수 (건),128.7
동대문구,2020,인구 10만명당 부상자수 (명),516.8
동대문구,2020,인구 10만명당 사망자수 (명),2.8
동대문구,2020,자동차 1만대당 발생건수 (건),118.7
동대문구,2021,인구 10만명당 부상자수 (명),470.4
동대문구,2021,인구 10만명당 사망자수 (명),4.8
동대문구,2021,자동차 1만대당 발생건수 (건),113.4
동대문구,2022,인구 10만명당 부상자수 (명),521.2
동대문구,2022,인구 10만명당 사망자수 (명),3.4
동대문구,2022,자동차 1만대당 발생건수 (건),124.0
동대문구,2023,인구 10만명당 부상자수 (명),566.6
동대문구,2023,인구 10만명당 사망자수 (명),2.8
동대문구,2023,자동차 1만대당 발생건수 (건),131.7
동작구,2005,인구 10만명당 부상자수 (명),431.7
동작구,2005,인구 10만명당 사망자수 (명),2.9
동작구,2005,자동차 1만대당 발생건수 (건),110.8
동작구,2006,인구 10만명당 부상자수 (명),390.6
동작구,2006,인구 10만명당 사망자수 (명),5.5
동작구,2006,자동차 1만대당 발생건수 (건),96.9
동작구,2007,인구 10만명당 부상자수 (명),396.5
동작구,2007,인구 10만명당 사망자수 (명),3.9
동작구,2007,자동차 1만대당 발생건수 (건),99.5
동작구,2008,인구 10만명당 부상자수 (명),349.4
동작구,2008,인구 10만명당 사망자수 (명),2.4
동작구,2008,자동차 1만대당 발생건수 (건),89.3
동작구,2009,인구 10만명당 부상자수 (명),441.5
동작구,2009,인구 10만명당 사망자수 (명),3.9
동작구,2009,자동차 1만대당 발생건수 (건),112.6
동작구,2010,인구 10만명당 부상자수 (명),385.2
동작구,2010,인구 10만명당 사망자수 (명),3.1
동작구,2010,자동차 1만대당 발생건수 (건),102.3
동작구,2011,인구 10만명당 부상자수 (명),405.2
동작구,2011,인구 10만명당 사망자수 (명),3.1
동작구,2011,자동차 1만대당 발생건수 (건),107.6
동작구,2012,인구 10만명당 부상자수 (명),410.1
동작구,2012,인구 10만명당 사망자수 (명),3.4
동작구,2012,자동차 1만대당 발생건수 (건),110.3
동작구,2013,인구 10만명당 부상자수 (명),438.4
동작구,2013,인구 10만명당 사망자수 (명),2.6
동작구,2013,자동차 1만대당 발생건수 (건),105.7
동작구,2014,인구 10만명당 부상자수 (명),453.4
동작구,2014,인구 10만명당 사망자수 (명),3.1
동작구,2014,자동차 1만대당 발생건수 (건),119.5
동작구,2015,인구 10만명당 부상자수 (명),483.1
동작구,2015,인구 10만명당 사망자수 (명),1.7
동작구,2015,자동차 1만대당 발생건수 (건),118.1
동작구,2016,인구 10만명당 부상자수 (명),490.8
동작구,2016,인구 10만명당 사망자수 (명),4.6
동작구,2016,자동차 1만대당 발생건수 (건),123.3
동작구,2017,인구 10만명당 부상자수 (명),500.1
동작구,2017,인구 10만명당 사망자수 (명),4.9
동작구,2017,자동차 1만대당 발생건수 (건),117.5
동작구,2018,인구 10만명당 부상자수 (명),462.2
동작구,2018,인구 10만명당 사망자수 (명),2.2
동작구,2018,자동차 1만대당 발생건수 (건),117.2
동작구,2019,인구 10만명당 부상자수 (명),494.2
동작구,2019,인구 10만명당 사망자수 (명),1.2
동작구,2019,자동차 1만대당 발생건수 (건),116.6
동작구,2020,인구 10만명당 부상자수 (명),453.0
동작구,2020,인구 10만명당 사망자수 (명),2.5
동작구,2020,자동차 1만대당 발생건수 (건),108.1
동작구,2021,인구 10만명당 부상자수 (명),385.4
동작구,2021,인구 10만명당 사망자수 (명),2.8
동작구,2021,자동차 1만대당 발생건수 (건),94.4
동작구,2022,인구 10만명당 부상자수 (명),422.9
동작구,2022,인구 10만명당 사망자수 (명),1.8
동작구,2022,자동차 1만대당 발생건수 (건),101.5
동작구,2023,인구 10만명당 부상자수 (명),428.0
동작구,2023,인구 10만명당 사망자수 (명),1.5
동작구,2023,자동차 1만대당 발생건수 (건),103.3
마포구,2005,인구 10만명당 부상자수 (명),640.2
마포구,2005,인구 10만명당 사망자수 (명),6.9
마포구,2005,자동차 1만대당 발생건수 (건),126.9
마포구,2006,인구 10만명당 부상자수 (명),611.8
마포구,2006,인구 10만명당 사망자수 (명),5.5
마포구,2006,자동차 1만대당 발생건수 (건),127.1
마포구,2007,인구 10만명당 부상자수 (명),559.7
마포구,2007,인구 10만명당 사망자수 (명),6.0
마포구,2007,자동차 1만대당 발생건수 (건),113.7
마포구,2008,인구 10만명당 부상자수 (명),646.9
마포구,2008,인구 10만명당 사망자수 (명),3.1
마포구,2008,자동차 1만대당 발생건수 (건),134.7
마포구,2009,인구 10만명당 부상자수 (명),643.9
마포구,2009,인구 10만명당 사망자수 (명),7.4
마포구,2009,자동차 1만대당 발생건수 (건),132.9
마포구,2010,인구 10만명당 부상자수 (명),673.5
마포구,2010,인구 10만명당 사망자수 (명),5.5
마포구,2010,자동차 1만대당 발생건수 (건),136.4
마포구,2011,인구 10만명당 부상자수 (명),634.7
마포구,2011,인구 10만명당 사망자수 (명),5.8
마포구,2011,자동차 1만대당 발생건수 (건),127.0
마포구,2012,인구 10만명당 부상자수 (명),600.4
마포구,2012,인구 10만명당 사망자수 (명),5.8
마포구,2012,자동차 1만대당 발생건수 (건),121.6
마포구,2013,인구 10만명당 부상자수 (명),698.5
마포구,2013,인구 10만명당 사망자수 (명),5.9
마포구,2013,자동차 1만대당 발생건수 (건),135.1
마포구,2014,인구 10만명당 부상자수 (명),665.2
마포구,2014,인구 10만명당 사망자수 (명),5.1
마포구,2014,자동차 1만대당 발생건수 (건),132.4
마포구,2015,인구 10만명당 부상자수 (명),685.3
마포구,2015,인구 10만명당 사망자수 (명),4.3
마포구,2015,자동차 1만대당 발생건수 (건),133.8
마포구,2016,인구 10만명당 부상자수 (명),666.4
마포구,2016,인구 10만명당 사망자수 (명),3.8
마포구,2016,자동차 1만대당 발생건수 (건),131.5
마포구,2017,인구 10만명당 부상자수 (명),724.0
마포구,2017,인구 10만명당 사망자수 (명),2.1
마포구,2017,자동차 1만대당 발생건수 (건),138.9
마포구,2018,인구 10만명당 부상자수 (명),628.7
마포구,2018,인구 10만명당 사망자수 (명),2.8
마포구,2018,자동차 1만대당 발생건수 (건),123.7
마포구,2019,인구 10만명당 부상자수 (명),550.1
마포구,2019,인구 10만명당 사망자수 (명),1.8
마포구,2019,자동차 1만대당 발생건수 (건),110.6
마포구,2020,인구 10만명당 부상자수 (명),459.3
마포구,2020,인구 10만명당 사망자수 (명),3.4
마포구,2020,자동차 1만대당 발생건수 (건),92.9
마포구,2021,인구 10만명당 부상자수 (명),415.4
마포구,2021,인구 10만명당 사망자수 (명),3.7
마포구,2021,자동차 1만대당 발생건수 (건),79.2
마포구,2022,인구 10만명당 부상자수 (명),394.9
마포구,2022,인구 10만명당 사망자수 (명),2.7
마포구,2022,자동차 1만대당 발생건수 (건),78.2
마포구,2023,인구 10만명당 부상자수 (명),457.1
마포구,2023,인구 10만명당 사망자수 (명),3.7
마포구,2023,자동차 1만대당 발생건수 (건),91.2
서대문구,2005,인구 10만명당 부상자수 (명),446.4
서대문구,2005,인구 10만명당 사망자수 (명),4.5
서대문구,2005,자동차 1만대당 발생건수 (건),109.8
서대문구,2006,인구 10만명당 부상자수 (명),377.1
서대문구,2006,인구 10만명당 사망자수 (명),2.8
서대문구,2006,자동차 1만대당 발생건수 (건),97.0
서대문구,2007,인구 10만명당 부상자수 (명),423.6
서대문구,2007,인구 10만명당 사망자수 (명),3.6
서대문구,2007,자동차 1만대당 발생건수 (건),106.0
서대문구,2008,인구 10만명당 부상자수 (명),449.0
서대문구,2008,인구 10만명당 사망자수 (명),4.1
서대문구,2008,자동차 1만대당 발생건수 (건),114.7
서대문구,2009,인구 10만명당 부상자수 (명),537.9
서대문구,2009,인구 10만명당 사망자수 (명),7.7
서대문구,2009,자동차 1만대당 발생건수 (건),130.7
서대문구,2010,인구 10만명당 부상자수 (명),514.9
서대문구,2010,인구 10만명당 사망자수 (명),4.5
서대문구,2010,자동차 1만대당 발생건수 (건),122.1
서대문구,2011,인구 10만명당 부상자수 (명),461.0
서대문구,2011,인구 10만명당 사망자수 (명),4.3
서대문구,2011,자동차 1만대당 발생건수 (건),115.7
서대문구,2012,인구 10만명당 부상자수 (명),506.6
서대문구,2012,인구 10만명당 사망자수 (명),4.0
서대문구,2012,자동차 1만대당 발생건수 (건),111.1
서대문구,2013,인구 10만명당 부상자수 (명),486.9
서대문구,2013,인구 10만명당 사망자수 (명),4.3
서대문구,2013,자동차 1만대당 발생건수 (건),115.0
서대문구,2014,인구 10만명당 부상자수 (명),495.5
서대문구,2014,인구 10만명당 사망자수 (명),5.0
서대문구,2014,자동차 1만대당 발생건수 (건),118.8
서대문구,2015,인구 10만명당 부상자수 (명),461.8
서대문구,2015,인구 10만명당 사망자수 (명),4.0
서대문구,2015,자동차 1만대당 발생건수 (건),110.2
서대문구,2016,인구 10만명당 부상자수 (명),480.6
서대문구,2016,인구 10만명당 사망자수 (명),4.3
서대문구,2016,자동차 1만대당 발생건수 (건),114.3
서대문구,2017,인구 10만명당 부상자수 (명),440.0
서대문구,2017,인구 10만명당 사망자수 (명),2.5
서대문구,2017,자동차 1만대당 발생건수 (건),102.2
서대문구,2018,인구 10만명당 부상자수 (명),434.3
서대문구,2018,인구 10만명당 사망자수 (명),1.5
서대문구,2018,자동차 1만대당 발생건수 (건),101.6
서대문구,2019,인구 10만명당 부상자수 (명),497.9
서대문구,2019,인구 10만명당 사망자수 (명),4.3
서대문구,2019,자동차 1만대당 발생건수 (건),109.2
서대문구,2020,인구 10만명당 부상자수 (명),388.9
서대문구,2020,인구 10만명당 사망자수 (명),1.9
서대문구,2020,자동차 1만대당 발생건수 (건),88.7
서대문구,2021,인구 10만명당 부상자수 (명),382.1
서대문구,2021,인구 10만명당 사망자수 (명),2.9
서대문구,2021,자동차 1만대당 발생건수 (건),90.9
서대문구,2022,인구 10만명당 부상자수 (명),407.8
서대문구,2022,인구 10만명당 사망자수 (명),1.6
서대문구,2022,자동차 1만대당 발생건수 (건),93.2
서대문구,2023,인구 10만명당 부상자수 (명),380.5
서대문구,2023,인구 10만명당 사망자수 (명),1.2
서대문구,2023,자동차 1만대당 발생건수 (건),86.9
서초구,2005,인구 10만명당 부상자수 (명),614.7
서초구,2005,인구 10만명당 사망자수 (명),6.4
서초구,2005,자동차 1만대당 발생건수 (건),92.2
서초구,2006,인구 10만명당 부상자수 (명),623.2
서초구,2006,인구 10만명당 사망자수 (명),5.6
서초구,2006,자동차 1만대당 발생건수 (건),92.6
서초구,2007,인구 10만명당 부상자수 (명),696.9
서초구,2007,인구 10만명당 사망자수 (명),5.1
서초구,2007,자동차 1만대당 발생건수 (건),93.1
서초구,2008,인구 10만명당 부상자수 (명),803.8
서초구,2008,인구 10만명당 사망자수 (명),4.1
서초구,2008,자동차 1만대당 발생건수 (건),112.0
서초구,2009,인구 10만명당 부상자수 (명),828.1
서초구,2009,인구 10만명당 사망자수 (명),5.6
서초구,2009,자동차 1만대당 발생건수 (건),125.7
서초구,2010,인구 10만명당 부상자수 (명),766.3
서초구,2010,인구 10만명당 사망자수 (명),4.5
서초구,2010,자동차 1만대당 발생건수 (건),119.2
서초구,2011,인구 10만명당 부상자수 (명),726.4
서초구,2011,인구 10만명당 사망자수 (명),3.9
서초구,2011,자동차 1만대당 발생건수 (건),112.8
서초구,2012,인구 10만명당 부상자수 (명),730.5
서초구,2012,인구 10만명당 사망자수 (명),5.7
서초구,2012,자동차 1만대당 발생건수 (건),113.1
서초구,2013,인구 10만명당 부상자수 (명),739.9
서초구,2013,인구 10만명당 사망자수 (명),4.3
서초구,2013,자동차 1만대당 발생건수 (건),110.0
서초구,2014,인구 10만명당 부상자수 (명),758.5
서초구,2014,인구 10만명당 사망자수 (명),2.9
서초구,2014,자동차 1만대당 발생건수 (건),114.6
서초구,2015,인구 10만명당 부상자수 (명),744.1
서초구,2015,인구 10만명당 사망자수 (명),4.4
서초구,2015,자동차 1만대당 발생건수 (건),111.8
서초구,2016,인구 10만명당 부상자수 (명),769.3
서초구,2016,인구 10만명당 사망자수 (명),3.5
서초구,2016,자동차 1만대당 발생건수 (건),119.0
서초구,2017,인구 10만명당 부상자수 (명),796.6
서초구,2017,인구 10만명당 사망자수 (명),4.7
서초구,2017,자동차 1만대당 발생건수 (건),120.7
서초구,2018,인구 10만명당 부상자수 (명),830.7
서초구,2018,인구 10만명당 사망자수 (명),4.1
서초구,2018,자동차 1만대당 발생건수 (건),126.9
서초구,2019,인구 10만명당 부상자수 (명),811.3
서초구,2019,인구 10만명당 사망자수 (명),3.2
서초구,2019,자동차 1만대당 발생건수 (건),124.9
서초구,2020,인구 10만명당 부상자수 (명),716.7
서초구,2020,인구 10만명당 사망자수 (명),2.1
서초구,2020,자동차 1만대당 발생건수 (건),116.2
서초구,2021,인구 10만명당 부상자수 (명),704.5
서초구,2021,인구 10만명당 사망자수 (명),1.9
서초구,2021,자동차 1만대당 발생건수 (건),112.2
서초구,2022,인구 10만명당 부상자수 (명),830.2
서초구,2022,인구 10만명당 사망자수 (명),2.0
서초구,2022,자동차 1만대당 발생건수 (건),120.1
서초구,2023,인구 10만명당 부상자수 (명),805.4
서초구,2023,인구 10만명당 사망자수 (명),1.7
서초구,2023,자동차 1만대당 발생건수 (건),114.9
성동구,2005,인구 10만명당 부상자수 (명),465.7
성동구,2005,인구 10만명당 사망자수 (명),3.8
성동구,2005,자동차 1만대당 발생건수 (건),107.0
성동구,2006,인구 10만명당 부상자수 (명),456.4
성동구,2006,인구 10만명당 사망자수 (명),4.4
성동구,2006,자동차 1만대당 발생건수 (건),97.9
성동구,2007,인구 10만명당 부상자수 (명),490.3
성동구,2007,인구 10만명당 사망자수 (명),4.7
성동구,2007,자동차 1만대당 발생건수 (건),108.6
성동구,2008,인구 10만명당 부상자수 (명),500.8
성동구,2008,인구 10만명당 사망자수 (명),5.3
성동구,2008,자동차 1만대당 발생건수 (건),109.2
성동구,2009,인구 10만명당 부상자수 (명),552.1
성동구,2009,인구 10만명당 사망자수 (명),4.1
성동구,2009,자동차 1만대당 발생건수 (건),121.5
성동구,2010,인구 10만명당 부상자수 (명),482.2
성동구,2010,인구 10만명당 사망자수 (명),4.7
성동구,2010,자동차 1만대당 발생건수 (건),103.3
성동구,2011,인구 10만명당 부상자수 (명),519.2
성동구,2011,인구 10만명당 사망자수 (명),6.8
성동구,2011,자동차 1만대당 발생건수 (건),109.0
성동구,2012,인구 10만명당 부상자수 (명),456.2
성동구,2012,인구 10만명당 사망자수 (명),2.0
성동구,2012,자동차 1만대당 발생건수 (건),91.6
성동구,2013,인구 10만명당 부상자수 (명),475.6
성동구,2013,인구 10만명당 사망자수 (명),2.6
성동구,2013,자동차 1만대당 발생건수 (건),100.3
성동구,2014,인구 10만명당 부상자수 (명),563.4
성동구,2014,인구 10만명당 사망자수 (명),3.6
성동구,2014,자동차 1만대당 발생건수 (건),106.4
성동구,2015,인구 10만명당 부상자수 (명),565.5
성동구,2015,인구 10만명당 사망자수 (명),2.6
성동구,2015,자동차 1만대당 발생건수 (건),105.8
성동구,2016,인구 10만명당 부상자수 (명),501.7
성동구,2016,인구 10만명당 사망자수 (명),4.9
성동구,2016,자동차 1만대당 발생건수 (건),91.6
성동구,2017,인구 10만명당 부상자수 (명),480.0
성동구,2017,인구 10만명당 사망자수 (명),4.8
성동구,2017,자동차 1만대당 발생건수 (건),86.9
성동구,2018,인구 10만명당 부상자수 (명),493.3
성동구,2018,인구 10만명당 사망자수 (명),2.8
성동구,2018,자동차 1만대당 발생건수 (건),90.2
성동구,2019,인구 10만명당 부상자수 (명),465.7
성동구,2019,인구 10만명당 사망자수 (명),4.2
성동구,2019,자동차 1만대당 발생건수 (건),86.3
성동구,2020,인구 10만명당 부상자수 (명),492.8
성동구,2020,인구 10만명당 사망자수 (명),3.0
성동구,2020,자동차 1만대당 발생건수 (건),88.7
성동구,2021,인구 10만명당 부상자수 (명),465.4
성동구,2021,인구 10만명당 사망자수 (명),2.7
성동구,2021,자동차 1만대당 발생건수 (건),84.6
성동구,2022,인구 10만명당 부상자수 (명),424.0
성동구,2022,인구 10만명당 사망자수 (명),2.8
성동구,2022,자동차 1만대당 발생건수 (건),78.0
성동구,2023,인구 10만명당 부상자수 (명),428.8
성동구,2023,인구 10만명당 사망자수 (명),2.1
성동구,2023,자동차 1만대당 발생건수 (건),75.8
성북구,2005,인구 10만명당 부상자수 (명),481.7
성북구,2005,인구 10만명당 사망자수 (명),4.1
성북구,2005,자동차 1만대당 발생건수 (건),123.0
성북구,2006,인구 10만명당 부상자수 (명),469.8
성북구,2006,인구 10만명당 사망자수 (명),5.0
성북구,2006,자동차 1만대당 발생건수 (건),119.7
성북구,2007,인구 10만명당 부상자수 (명),407.0
성북구,2007,인구 10만명당 사망자수 (명),1.9
성북구,2007,자동차 1만대당 발생건수 (건),105.1
성북구,2008,인구 10만명당 부상자수 (명),520.5
성북구,2008,인구 10만명당 사망자수 (명),3.9
성북구,2008,자동차 1만대당 발생건수 (건),133.8
성북구,2009,인구 10만명당 부상자수 (명),540.2
성북구,2009,인구 10만명당 사망자수 (명),3.1
성북구,2009,자동차 1만대당 발생건수 (건),139.1
성북구,2010,인구 10만명당 부상자수 (명),441.4
성북구,2010,인구 10만명당 사망자수 (명),2.0
성북구,2010,자동차 1만대당 발생건수 (건),114.8
성북구,2011,인구 10만명당 부상자수 (명),425.3
성북구,2011,인구 10만명당 사망자수 (명),4.4
성북구,2011,자동차 1만대당 발생건수 (건),111.2
성북구,2012,인구 10만명당 부상자수 (명),418.8
성북구,2012,인구 10만명당 사망자수 (명),2.2
성북구,2012,자동차 1만대당 발생건수 (건),110.1
성북구,2013,인구 10만명당 부상자수 (명),442.8
성북구,2013,인구 10만명당 사망자수 (명),1.9
성북구,2013,자동차 1만대당 발생건수 (건),107.4
성북구,2014,인구 10만명당 부상자수 (명),467.9
성북구,2014,인구 10만명당 사망자수 (명),3.6
성북구,2014,자동차 1만대당 발생건수 (건),116.7
성북구,2015,인구 10만명당 부상자수 (명),486.8
성북구,2015,인구 10만명당 사망자수 (명),4.1
성북구,2015,자동차 1만대당 발생건수 (건),117.5
성북구,2016,인구 10만명당 부상자수 (명),456.2
성북구,2016,인구 10만명당 사망자수 (명),2.8
성북구,2016,자동차 1만대당 발생건수 (건),113.4
성북구,2017,인구 10만명당 부상자수 (명),454.1
성북구,2017,인구 10만명당 사망자수 (명),3.7
성북구,2017,자동차 1만대당 발생건수 (건),108.5
성북구,2018,인구 10만명당 부상자수 (명),442.3
성북구,2018,인구 10만명당 사망자수 (명),3.1
성북구,2018,자동차 1만대당 발생건수 (건),99.9
성북구,2019,인구 10만명당 부상자수 (명),441.3
성북구,2019,인구 10만명당 사망자수 (명),1.8
성북구,2019,자동차 1만대당 발생건수 (건),103.5
성북구,2020,인구 10만명당 부상자수 (명),362.8
성북구,2020,인구 10만명당 사망자수 (명),1.6
성북구,2020,자동차 1만대당 발생건수 (건),86.9
성북구,2021,인구 10만명당 부상자수 (명),364.9
성북구,2021,인구 10만명당 사망자수 (명),3.4
성북구,2021,자동차 1만대당 발생건수 (건),88.7
성북구,2022,인구 10만명당 부상자수 (명),367.9
성북구,2022,인구 10만명당 사망자수 (명),1.8
성북구,2022,자동차 1만대당 발생건수 (건),87.9
성북구,2023,인구 10만명당 부상자수 (명),360.8
성북구,2023,인구 10만명당 사망자수 (명),1.8
성북구,2023,자동차 1만대당 발생건수 (건),85.9
송파구,2005,인구 10만명당 부상자수 (명),607.5
송파구,2005,인구 10만명당 사망자수 (명),4.4
송파구,2005,자동차 1만대당 발생건수 (건),124.4
송파구,2006,인구 10만명당 부상자수 (명),607.3
송파구,2006,인구 10만명당 사망자수 (명),4.4
송파구,2006,자동차 1만대당 발생건수 (건),122.4
송파구,2007,인구 10만명당 부상자수 (명),572.2
송파구,2007,인구 10만명당 사망자수 (명),2.7
송파구,2007,자동차 1만대당 발생건수 (건),119.5
송파구,2008,인구 10만명당 부상자수 (명),580.1
송파구,2008,인구 10만명당 사망자수 (명),4.4
송파구,2008,자동차 1만대당 발생건수 (건),118.4
송파구,2009,인구 10만명당 부상자수 (명),592.5
송파구,2009,인구 10만명당 사망자수 (명),3.2
송파구,2009,자동차 1만대당 발생건수 (건),120.2
송파구,2010,인구 10만명당 부상자수 (명),539.9
송파구,2010,인구 10만명당 사망자수 (명),2.3
송파구,2010,자동차 1만대당 발생건수 (건),112.0
송파구,2011,인구 10만명당 부상자수 (명),526.0
송파구,2011,인구 10만명당 사망자수 (명),5.2
송파구,2011,자동차 1만대당 발생건수 (건),110.4
송파구,2012,인구 10만명당 부상자수 (명),596.9
송파구,2012,인구 10만명당 사망자수 (명),2.1
송파구,2012,자동차 1만대당 발생건수 (건),123.1
송파구,2013,인구 10만명당 부상자수 (명),526.8
송파구,2013,인구 10만명당 사망자수 (명),3.1
송파구,2013,자동차 1만대당 발생건수 (건),106.8
송파구,2014,인구 10만명당 부상자수 (명),541.1
송파구,2014,인구 10만명당 사망자수 (명),3.6
송파구,2014,자동차 1만대당 발생건수 (건),111.2
송파구,2015,인구 10만명당 부상자수 (명),563.8
송파구,2015,인구 10만명당 사망자수 (명),2.4
송파구,2015,자동차 1만대당 발생건수 (건),113.2
송파구,2016,인구 10만명당 부상자수 (명),548.3
송파구,2016,인구 10만명당 사망자수 (명),2.1
송파구,2016,자동차 1만대당 발생건수 (건),107.7
송파구,2017,인구 10만명당 부상자수 (명),566.9
송파구,2017,인구 10만명당 사망자수 (명),3.4
송파구,2017,자동차 1만대당 발생건수 (건),109.9
송파구,2018,인구 10만명당 부상자수 (명),583.8
송파구,2018,인구 10만명당 사망자수 (명),4.0
송파구,2018,자동차 1만대당 발생건수 (건),111.9
송파구,2019,인구 10만명당 부상자수 (명),586.3
송파구,2019,인구 10만명당 사망자수 (명),1.9
송파구,2019,자동차 1만대당 발생건수 (건),110.4
송파구,2020,인구 10만명당 부상자수 (명),520.7
송파구,2020,인구 10만명당 사망자수 (명),1.6
송파구,2020,자동차 1만대당 발생건수 (건),97.3
송파구,2021,인구 10만명당 부상자수 (명),528.5
송파구,2021,인구 10만명당 사망자수 (명),2.1
송파구,2021,자동차 1만대당 발생건수 (건),97.6
송파구,2022,인구 10만명당 부상자수 (명),540.8
송파구,2022,인구 10만명당 사망자수 (명),1.4
송파구,2022,자동차 1만대당 발생건수 (건),95.7
송파구,2023,인구 10만명당 부상자수 (명),545.9
송파구,2023,인구 10만명당 사망자수 (명),1.5
송파구,2023,자동차 1만대당 발생건수 (건),99.4
양천구,2005,인구 10만명당 부상자수 (명),367.7
양천구,2005,인구 10만명당 사망자수 (명),3.2
양천구,2005,자동차 1만대당 발생건수 (건),85.0
양천구,2006,인구 10만명당 부상자수 (명),371.4
양천구,2006,인구 10만명당 사망자수 (명),2.8
양천구,2006,자동차 1만대당 발생건수 (건),81.5
양천구,2007,인구 10만명당 부상자수 (명),341.5
양천구,2007,인구 10만명당 사망자수 (명),3.1
양천구,2007,자동차 1만대당 발생건수 (건),74.4
양천구,2008,인구 10만명당 부상자수 (명),417.8
양천구,2008,인구 10만명당 사망자수 (명),4.1
양천구,2008,자동차 1만대당 발생건수 (건),96.8
양천구,2009,인구 10만명당 부상자수 (명),476.2
양천구,2009,인구 10만명당 사망자수 (명),3.6
양천구,2009,자동차 1만대당 발생건수 (건),106.4
양천구,2010,인구 10만명당 부상자수 (명),409.7
양천구,2010,인구 10만명당 사망자수 (명),2.4
양천구,2010,자동차 1만대당 발생건수 (건),89.9
양천구,2011,인구 10만명당 부상자수 (명),396.8
양천구,2011,인구 10만명당 사망자수 (명),2.8
양천구,2011,자동차 1만대당 발생건수 (건),88.7
양천구,2012,인구 10만명당 부상자수 (명),406.8
양천구,2012,인구 10만명당 사망자수 (명),2.8
양천구,2012,자동차 1만대당 발생건수 (건),86.2
양천구,2013,인구 10만명당 부상자수 (명),383.4
양천구,2013,인구 10만명당 사망자수 (명),2.8
양천구,2013,자동차 1만대당 발생건수 (건),81.2
양천구,2014,인구 10만명당 부상자수 (명),407.6
양천구,2014,인구 10만명당 사망자수 (명),2.6
양천구,2014,자동차 1만대당 발생건수 (건),88.7
양천구,2015,인구 10만명당 부상자수 (명),456.2
양천구,2015,인구 10만명당 사망자수 (명),2.9
양천구,2015,자동차 1만대당 발생건수 (건),95.3
양천구,2016,인구 10만명당 부상자수 (명),426.7
양천구,2016,인구 10만명당 사망자수 (명),2.5
양천구,2016,자동차 1만대당 발생건수 (건),89.0
양천구,2017,인구 10만명당 부상자수 (명),376.6
양천구,2017,인구 10만명당 사망자수 (명),2.7
양천구,2017,자동차 1만대당 발생건수 (건),79.3
양천구,2018,인구 10만명당 부상자수 (명),414.2
양천구,2018,인구 10만명당 사망자수 (명),2.3
양천구,2018,자동차 1만대당 발생건수 (건),84.4
양천구,2019,인구 10만명당 부상자수 (명),451.0
양천구,2019,인구 10만명당 사망자수 (명),2.4
양천구,2019,자동차 1만대당 발생건수 (건),89.4
양천구,2020,인구 10만명당 부상자수 (명),399.5
양천구,2020,인구 10만명당 사망자수 (명),1.5
양천구,2020,자동차 1만대당 발생건수 (건),77.9
양천구,2021,인구 10만명당 부상자수 (명),375.6
양천구,2021,인구 10만명당 사망자수 (명),3.1
양천구,2021,자동차 1만대당 발생건수 (건),77.9
양천구,2022,인구 10만명당 부상자수 (명),344.4
양천구,2022,인구 10만명당 사망자수 (명),1.8
양천구,2022,자동차 1만대당 발생건수 (건),70.6
양천구,2023,인구 10만명당 부상자수 (명),369.7
양천구,2023,인구 10만명당 사망자수 (명),1.1
양천구,2023,자동차 1만대당 발생건수 (건),74.3
영등포구,2005,인구 10만명당 부상자수 (명),778.7
영등포구,2005,인구 10만명당 사망자수 (명),7.6
영등포구,2005,자동차 1만대당 발생건수 (건),146.2
영등포구,2006,인구 10만명당 부상자수 (명),745.2
영등포구,2006,인구 10만명당 사망자수 (명),6.5
영등포구,2006,자동차 1만대당 발생건수 (건),141.2
영등포구,2007,인구 10만명당 부상자수 (명),742.8
영등포구,2007,인구 10만명당 사망자수 (명),8.0
영등포구,2007,자동차 1만대당 발생건수 (건),136.5
영등포구,2008,인구 10만명당 부상자수 (명),746.0
영등포구,2008,인구 10만명당 사망자수 (명),8.1
영등포구,2008,자동차 1만대당 발생건수 (건),134.9
영등포구,2009,인구 10만명당 부상자수 (명),780.5
영등포구,2009,인구 10만명당 사망자수 (명),7.5
영등포구,2009,자동차 1만대당 발생건수 (건),144.1
영등포구,2010,인구 10만명당 부상자수 (명),751.3
영등포구,2010,인구 10만명당 사망자수 (명),6.7
영등포구,2010,자동차 1만대당 발생건수 (건),141.7
영등포구,2011,인구 10만명당 부상자수 (명),756.7
영등포구,2011,인구 10만명당 사망자수 (명),6.4
영등포구,2011,자동차 1만대당 발생건수 (건),150.3
영등포구,2012,인구 10만명당 부상자수 (명),751.0
영등포구,2012,인구 10만명당 사망자수 (명),7.5
영등포구,2012,자동차 1만대당 발생건수 (건),140.9
영등포구,2013,인구 10만명당 부상자수 (명),742.0
영등포구,2013,인구 10만명당 사망자수 (명),6.9
영등포구,2013,자동차 1만대당 발생건수 (건),139.5
영등포구,2014,인구 10만명당 부상자수 (명),742.2
영등포구,2014,인구 10만명당 사망자수 (명),6.2
영등포구,2014,자동차 1만대당 발생건수 (건),139.6
영등포구,2015,인구 10만명당 부상자수 (명),853.0
영등포구,2015,인구 10만명당 사망자수 (명),6.7
영등포구,2015,자동차 1만대당 발생건수 (건),151.2
영등포구,2016,인구 10만명당 부상자수 (명),853.8
영등포구,2016,인구 10만명당 사망자수 (명),5.4
영등포구,2016,자동차 1만대당 발생건수 (건),147.5
영등포구,2017,인구 10만명당 부상자수 (명),875.3
영등포구,2017,인구 10만명당 사망자수 (명),5.5
영등포구,2017,자동차 1만대당 발생건수 (건),146.7
영등포구,2018,인구 10만명당 부상자수 (명),875.1
영등포구,2018,인구 10만명당 사망자수 (명),5.5
영등포구,2018,자동차 1만대당 발생건수 (건),155.5
영등포구,2019,인구 10만명당 부상자수 (명),860.6
영등포구,2019,인구 10만명당 사망자수 (명),2.7
영등포구,2019,자동차 1만대당 발생건수 (건),154.1
영등포구,2020,인구 10만명당 부상자수 (명),761.5
영등포구,2020,인구 10만명당 사망자수 (명),1.7
영등포구,2020,자동차 1만대당 발생건수 (건),135.3
영등포구,2021,인구 10만명당 부상자수 (명),740.1
영등포구,2021,인구 10만명당 사망자수 (명),3.7
영등포구,2021,자동차 1만대당 발생건수 (건),132.2
영등포구,2022,인구 10만명당 부상자수 (명),680.0
영등포구,2022,인구 10만명당 사망자수 (명),5.0
영등포구,2022,자동차 1만대당 발생건수 (건),125.2
영등포구,2023,인구 10만명당 부상자수 (명),658.4
영등포구,2023,인구 10만명당 사망자수 (명),1.8
영등포구,2023,자동차 1만대당 발생건수 (건),119.6
용산구,2005,인구 10만명당 부상자수 (명),879.3
용산구,2005,인구 10만명당 사망자수 (명),8.3
용산구,2005,자동차 1만대당 발생건수 (건),158.1
용산구,2006,인구 10만명당 부상자수 (명),836.9
용산구,2006,인구 10만명당 사망자수 (명),5.8
용산구,2006,자동차 1만대당 발생건수 (건),154.0
용산구,2007,인구 10만명당 부상자수 (명),820.2
용산구,2007,인구 10만명당 사망자수 (명),8.1
용산구,2007,자동차 1만대당 발생건수 (건),147.0
용산구,2008,인구 10만명당 부상자수 (명),719.0
용산구,2008,인구 10만명당 사망자수 (명),7.6
용산구,2008,자동차 1만대당 발생건수 (건),134.7
용산구,2009,인구 10만명당 부상자수 (명),767.1
용산구,2009,인구 10만명당 사망자수 (명),8.0
용산구,2009,자동차 1만대당 발생건수 (건),147.3
용산구,2010,인구 10만명당 부상자수 (명),675.9
용산구,2010,인구 10만명당 사망자수 (명),5.8
용산구,2010,자동차 1만대당 발생건수 (건),136.8
용산구,2011,인구 10만명당 부상자수 (명),657.2
용산구,2011,인구 10만명당 사망자수 (명),3.5
용산구,2011,자동차 1만대당 발생건수 (건),126.9
용산구,2012,인구 10만명당 부상자수 (명),708.6
용산구,2012,인구 10만명당 사망자수 (명),4.3
용산구,2012,자동차 1만대당 발생건수 (건),130.0
용산구,2013,인구 10만명당 부상자수 (명),803.0
용산구,2013,인구 10만명당 사망자수 (명),5.2
용산구,2013,자동차 1만대당 발생건수 (건),150.6
용산구,2014,인구 10만명당 부상자수 (명),788.7
용산구,2014,인구 10만명당 사망자수 (명),3.2
용산구,2014,자동차 1만대당 발생건수 (건),146.5
용산구,2015,인구 10만명당 부상자수 (명),851.1
용산구,2015,인구 10만명당 사망자수 (명),7.3
용산구,2015,자동차 1만대당 발생건수 (건),163.6
용산구,2016,인구 10만명당 부상자수 (명),844.1
용산구,2016,인구 10만명당 사망자수 (명),4.9
용산구,2016,자동차 1만대당 발생건수 (건),155.1
용산구,2017,인구 10만명당 부상자수 (명),797.3
용산구,2017,인구 10만명당 사망자수 (명),4.9
용산구,2017,자동차 1만대당 발생건수 (건),142.9
용산구,2018,인구 10만명당 부상자수 (명),755.6
용산구,2018,인구 10만명당 사망자수 (명),5.7
용산구,2018,자동차 1만대당 발생건수 (건),142.2
용산구,2019,인구 10만명당 부상자수 (명),658.3
용산구,2019,인구 10만명당 사망자수 (명),4.1
용산구,2019,자동차 1만대당 발생건수 (건),128.1
용산구,2020,인구 10만명당 부상자수 (명),481.5
용산구,2020,인구 10만명당 사망자수 (명),4.9
용산구,2020,자동차 1만대당 발생건수 (건),92.9
용산구,2021,인구 10만명당 부상자수 (명),576.9
용산구,2021,인구 10만명당 사망자수 (명),2.1
용산구,2021,자동차 1만대당 발생건수 (건),105.1
용산구,2022,인구 10만명당 부상자수 (명),570.1
용산구,2022,인구 10만명당 사망자수 (명),4.7
용산구,2022,자동차 1만대당 발생건수 (건),111.4
용산구,2023,인구 10만명당 부상자수 (명),601.5
용산구,2023,인구 10만명당 사망자수 (명),4.8
용산구,2023,자동차 1만대당 발생건수 (건),107.4
은평구,2005,인구 10만명당 부상자수 (명),411.9
은평구,2005,인구 10만명당 사망자수 (명),2.3
은평구,2005,자동차 1만대당 발생건수 (건),109.7
은평구,2006,인구 10만명당 부상자수 (명),419.7
은평구,2006,인구 10만명당 사망자수 (명),3.8
은평구,2006,자동차 1만대당 발생건수 (건),111.5
은평구,2007,인구 10만명당 부상자수 (명),398.5
은평구,2007,인구 10만명당 사망자수 (명),3.5
은평구,2007,자동차 1만대당 발생건수 (건),105.4
은평구,2008,인구 10만명당 부상자수 (명),466.2
은평구,2008,인구 10만명당 사망자수 (명),3.5
은평구,2008,자동차 1만대당 발생건수 (건),127.0
은평구,2009,인구 10만명당 부상자수 (명),505.3
은평구,2009,인구 10만명당 사망자수 (명),3.2
은평구,2009,자동차 1만대당 발생건수 (건),134.5
은평구,2010,인구 10만명당 부상자수 (명),430.1
은평구,2010,인구 10만명당 사망자수 (명),3.2
은평구,2010,자동차 1만대당 발생건수 (건),112.2
은평구,2011,인구 10만명당 부상자수 (명),413.0
은평구,2011,인구 10만명당 사망자수 (명),4.0
은평구,2011,자동차 1만대당 발생건수 (건),109.7
은평구,2012,인구 10만명당 부상자수 (명),434.3
은평구,2012,인구 10만명당 사망자수 (명),4.2
은평구,2012,자동차 1만대당 발생건수 (건),106.6
은평구,2013,인구 10만명당 부상자수 (명),337.7
은평구,2013,인구 10만명당 사망자수 (명),2.0
은평구,2013,자동차 1만대당 발생건수 (건),87.8
은평구,2014,인구 10만명당 부상자수 (명),375.4
은평구,2014,인구 10만명당 사망자수 (명),2.2
은평구,2014,자동차 1만대당 발생건수 (건),91.0
은평구,2015,인구 10만명당 부상자수 (명),332.9
은평구,2015,인구 10만명당 사망자수 (명),3.2
은평구,2015,자동차 1만대당 발생건수 (건),81.4
은평구,2016,인구 10만명당 부상자수 (명),306.1
은평구,2016,인구 10만명당 사망자수 (명),2.8
은평구,2016,자동차 1만대당 발생건수 (건),75.3
은평구,2017,인구 10만명당 부상자수 (명),303.1
은평구,2017,인구 10만명당 사망자수 (명),2.4
은평구,2017,자동차 1만대당 발생건수 (건),71.2
은평구,2018,인구 10만명당 부상자수 (명),324.0
은평구,2018,인구 10만명당 사망자수 (명),2.5
은평구,2018,자동차 1만대당 발생건수 (건),75.3
은평구,2019,인구 10만명당 부상자수 (명),302.1
은평구,2019,인구 10만명당 사망자수 (명),1.4
은평구,2019,자동차 1만대당 발생건수 (건),74.3
은평구,2020,인구 10만명당 부상자수 (명),292.3
은평구,2020,인구 10만명당 사망자수 (명),2.9
은평구,2020,자동차 1만대당 발생건수 (건),62.1
은평구,2021,인구 10만명당 부상자수 (명),255.3
은평구,2021,인구 10만명당 사망자수 (명),2.3
은평구,2021,자동차 1만대당 발생건수 (건),56.9
은평구,2022,인구 10만명당 부상자수 (명),266.9
은평구,2022,인구 10만명당 사망자수 (명),1.9
은평구,2022,자동차 1만대당 발생건수 (건),59.9
은평구,2023,인구 10만명당 부상자수 (명),287.3
은평구,2023,인구 10만명당 사망자수 (명),1.5
은평구,2023,자동차 1만대당 발생건수 (건),67.1
종로구,2005,인구 10만명당 부상자수 (명),1256.8
종로구,2005,인구 10만명당 사망자수 (명),13.8
종로구,2005,자동차 1만대당 발생건수 (건),191.3
종로구,2006,인구 10만명당 부상자수 (명),1203.3
종로구,2006,인구 10만명당 사망자수 (명),8.7
종로구,2006,자동차 1만대당 발생건수 (건),166.7
종로구,2007,인구 10만명당 부상자수 (명),1338.6
종로구,2007,인구 10만명당 사망자수 (명),6.9
종로구,2007,자동차 1만대당 발생건수 (건),172.6
종로구,2008,인구 10만명당 부상자수 (명),1198.9
종로구,2008,인구 10만명당 사망자수 (명),12.8
종로구,2008,자동차 1만대당 발생건수 (건),163.6
종로구,2009,인구 10만명당 부상자수 (명),1245.3
종로구,2009,인구 10만명당 사망자수 (명),10.1
종로구,2009,자동차 1만대당 발생건수 (건),187.7
종로구,2010,인구 10만명당 부상자수 (명),1120.1
종로구,2010,인구 10만명당 사망자수 (명),10.6
종로구,2010,자동차 1만대당 발생건수 (건),229.6
종로구,2011,인구 10만명당 부상자수 (명),1123.9
종로구,2011,인구 10만명당 사망자수 (명),7.9
종로구,2011,자동차 1만대당 발생건수 (건),219.0
종로구,2012,인구 10만명당 부상자수 (명),1151.6
종로구,2012,인구 10만명당 사망자수 (명),6.9
종로구,2012,자동차 1만대당 발생건수 (건),211.1
종로구,2013,인구 10만명당 부상자수 (명),1054.4
종로구,2013,인구 10만명당 사망자수 (명),7.7
종로구,2013,자동차 1만대당 발생건수 (건),198.7
종로구,2014,인구 10만명당 부상자수 (명),1082.6
종로구,2014,인구 10만명당 사망자수 (명),6.7
종로구,2014,자동차 1만대당 발생건수 (건),205.2
종로구,2015,인구 10만명당 부상자수 (명),1179.9
종로구,2015,인구 10만명당 사망자수 (명),4.9
종로구,2015,자동차 1만대당 발생건수 (건),222.9
종로구,2016,인구 10만명당 부상자수 (명),1079.5
종로구,2016,인구 10만명당 사망자수 (명),5.6
종로구,2016,자동차 1만대당 발생건수 (건),206.5
종로구,2017,인구 10만명당 부상자수 (명),1028.3
종로구,2017,인구 10만명당 사망자수 (명),7.9
종로구,2017,자동차 1만대당 발생건수 (건),185.3
종로구,2018,인구 10만명당 부상자수 (명),948.3
종로구,2018,인구 10만명당 사망자수 (명),3.7
종로구,2018,자동차 1만대당 발생건수 (건),177.5
종로구,2019,인구 10만명당 부상자수 (명),963.1
종로구,2019,인구 10만명당 사망자수 (명),3.7
종로구,2019,자동차 1만대당 발생건수 (건),178.9
종로구,2020,인구 10만명당 부상자수 (명),769.8
종로구,2020,인구 10만명당 사망자수 (명),3.1
종로구,2020,자동차 1만대당 발생건수 (건),142.3
종로구,2021,인구 10만명당 부상자수 (명),682.8
종로구,2021,인구 10만명당 사망자수 (명),3.9
종로구,2021,자동차 1만대당 발생건수 (건),122.6
종로구,2022,인구 10만명당 부상자수 (명),887.6
종로구,2022,인구 10만명당 사망자수 (명),2.0
종로구,2022,자동차 1만대당 발생건수 (건),154.0
종로구,2023,인구 10만명당 부상자수 (명),884.7
종로구,2023,인구 10만명당 사망자수 (명),5.3
종로구,2023,자동차 1만대당 발생건수 (건),155.2
중구,2005,인구 10만명당 부상자수 (명),1381.5
중구,2005,인구 10만명당 사망자수 (명),9.7
중구,2005,자동차 1만대당 발생건수 (건),210.2
중구,2006,인구 10만명당 부상자수 (명),1413.3
중구,2006,인구 10만명당 사망자수 (명),11.7
중구,2006,자동차 1만대당 발생건수 (건),216.2
중구,2007,인구 10만명당 부상자수 (명),1414.5
중구,2007,인구 10만명당 사망자수 (명),8.7
중구,2007,자동차 1만대당 발생건수 (건),188.4
중구,2008,인구 10만명당 부상자수 (명),1413.4
중구,2008,인구 10만명당 사망자수 (명),9.4
중구,2008,자동차 1만대당 발생건수 (건),171.6
중구,2009,인구 10만명당 부상자수 (명),1507.3
중구,2009,인구 10만명당 사망자수 (명),8.7
중구,2009,자동차 1만대당 발생건수 (건),230.6
중구,2010,인구 10만명당 부상자수 (명),1524.1
중구,2010,인구 10만명당 사망자수 (명),5.0
중구,2010,자동차 1만대당 발생건수 (건),202.1
중구,2011,인구 10만명당 부상자수 (명),1430.4
중구,2011,인구 10만명당 사망자수 (명),9.2
중구,2011,자동차 1만대당 발생건수 (건),199.4
중구,2012,인구 10만명당 부상자수 (명),1433.2
중구,2012,인구 10만명당 사망자수 (명),8.5
중구,2012,자동차 1만대당 발생건수 (건),183.7
중구,2013,인구 10만명당 부상자수 (명),1431.3
중구,2013,인구 10만명당 사망자수 (명),7.2
중구,2013,자동차 1만대당 발생건수 (건),199.7
중구,2014,인구 10만명당 부상자수 (명),1310.3
중구,2014,인구 10만명당 사망자수 (명),5.1
중구,2014,자동차 1만대당 발생건수 (건),186.0
중구,2015,인구 10만명당 부상자수 (명),1342.2
중구,2015,인구 10만명당 사망자수 (명),6.0
중구,2015,자동차 1만대당 발생건수 (건),197.6
중구,2016,인구 10만명당 부상자수 (명),1276.7
중구,2016,인구 10만명당 사망자수 (명),12.7
중구,2016,자동차 1만대당 발생건수 (건),193.8
중구,2017,인구 10만명당 부상자수 (명),1251.2
중구,2017,인구 10만명당 사망자수 (명),3.0
중구,2017,자동차 1만대당 발생건수 (건),188.7
중구,2018,인구 10만명당 부상자수 (명),1110.3
중구,2018,인구 10만명당 사망자수 (명),6.6
중구,2018,자동차 1만대당 발생건수 (건),169.8
중구,2019,인구 10만명당 부상자수 (명),1183.3
중구,2019,인구 10만명당 사망자수 (명),3.7
중구,2019,자동차 1만대당 발생건수 (건),179.2
중구,2020,인구 10만명당 부상자수 (명),927.0
중구,2020,인구 10만명당 사망자수 (명),4.5
중구,2020,자동차 1만대당 발생건수 (건),145.7
중구,2021,인구 10만명당 부상자수 (명),877.2
중구,2021,인구 10만명당 사망자수 (명),2.3
중구,2021,자동차 1만대당 발생건수 (건),113.3
중구,2022,인구 10만명당 부상자수 (명),926.7
중구,2022,인구 10만명당 사망자수 (명),1.5
중구,2022,자동차 1만대당 발생건수 (건),129.2
중구,2023,인구 10만명당 부상자수 (명),906.0
중구,2023,인구 10만명당 사망자수 (명),2.3
중구,2023,자동차 1만대당 발생건수 (건),134.7
중랑구,2005,인구 10만명당 부상자수 (명),637.1
중랑구,2005,인구 10만명당 사망자수 (명),2.6
중랑구,2005,자동차 1만대당 발생건수 (건),153.6
중랑구,2006,인구 10만명당 부상자수 (명),609.4
중랑구,2006,인구 10만명당 사망자수 (명),3.3
중랑구,2006,자동차 1만대당 발생건수 (건),150.4
중랑구,2007,인구 10만명당 부상자수 (명),700.5
중랑구,2007,인구 10만명당 사망자수 (명),4.6
중랑구,2007,자동차 1만대당 발생건수 (건),168.0
중랑구,2008,인구 10만명당 부상자수 (명),643.0
중랑구,2008,인구 10만명당 사망자수 (명),3.9
중랑구,2008,자동차 1만대당 발생건수 (건),163.9
중랑구,2009,인구 10만명당 부상자수 (명),657.4
중랑구,2009,인구 10만명당 사망자수 (명),3.5
중랑구,2009,자동차 1만대당 발생건수 (건),162.1
중랑구,2010,인구 10만명당 부상자수 (명),657.2
중랑구,2010,인구 10만명당 사망자수 (명),3.9
중랑구,2010,자동차 1만대당 발생건수 (건),164.3
중랑구,2011,인구 10만명당 부상자수 (명),556.6
중랑구,2011,인구 10만명당 사망자수 (명),2.8
중랑구,2011,자동차 1만대당 발생건수 (건),140.7
중랑구,2012,인구 10만명당 부상자수 (명),566.7
중랑구,2012,인구 10만명당 사망자수 (명),2.6
중랑구,2012,자동차 1만대당 발생건수 (건),136.7
중랑구,2013,인구 10만명당 부상자수 (명),562.4
중랑구,2013,인구 10만명당 사망자수 (명),2.1
중랑구,2013,자동차 1만대당 발생건수 (건),132.5
중랑구,2014,인구 10만명당 부상자수 (명),514.9
중랑구,2014,인구 10만명당 사망자수 (명),2.6
중랑구,2014,자동차 1만대당 발생건수 (건),122.2
중랑구,2015,인구 10만명당 부상자수 (명),542.0
중랑구,2015,인구 10만명당 사망자수 (명),3.8
중랑구,2015,자동차 1만대당 발생건수 (건),127.9
중랑구,2016,인구 10만명당 부상자수 (명),488.4
중랑구,2016,인구 10만명당 사망자수 (명),2.2
중랑구,2016,자동차 1만대당 발생건수 (건),112.5
중랑구,2017,인구 10만명당 부상자수 (명),539.8
중랑구,2017,인구 10만명당 사망자수 (명),1.5
중랑구,2017,자동차 1만대당 발생건수 (건),118.6
중랑구,2018,인구 10만명당 부상자수 (명),523.1
중랑구,2018,인구 10만명당 사망자수 (명),2.5
중랑구,2018,자동차 1만대당 발생건수 (건),113.2
중랑구,2019,인구 10만명당 부상자수 (명),527.8
중랑구,2019,인구 10만명당 사망자수 (명),3.0
중랑구,2019,자동차 1만대당 발생건수 (건),118.2
중랑구,2020,인구 10만명당 부상자수 (명),488.5
중랑구,2020,인구 10만명당 사망자수 (명),1.0
중랑구,2020,자동차 1만대당 발생건수 (건),104.3
중랑구,2021,인구 10만명당 부상자수 (명),466.0
중랑구,2021,인구 10만명당 사망자수 (명),1.8
중랑구,2021,자동차 1만대당 발생건수 (건),98.6
중랑구,2022,인구 10만명당 부상자수 (명),484.4
중랑구,2022,인구 10만명당 사망자수 (명),2.6
중랑구,2022,자동차 1만대당 발생건수 (건),99.2
중랑구,2023,인구 10만명당 부상자수 (명),439.8
중랑구,2023,인구 10만명당 사망자수 (명),1.8
중랑구,2023,자동차 1만대당 발생건수 (건),89.4
