구,연도,항목,예측값,모델
강남구,2024,기타_부상자수,0.0,다항회귀
강동구,2024,기타_부상자수,442.8074369672686,다항회귀
강북구,2024,기타_부상자수,167.47256135381758,다항회귀
강서구,2024,기타_부상자수,209.83498429413885,다항회귀
관악구,2024,기타_부상자수,143.949620783329,다항회귀
광진구,2024,기타_부상자수,76.84474052861333,다항회귀
구로구,2024,기타_부상자수,165.66821008641273,다항회귀
금천구,2024,기타_부상자수,99.23139480873942,다항회귀
노원구,2024,기타_부상자수,0.0,다항회귀
도봉구,2024,기타_부상자수,40.34210877120495,다항회귀
동대문구,2024,기타_부상자수,120.74804107099771,다항회귀
동작구,2024,기타_부상자수,156.59079526364803,다항회귀
마포구,2024,기타_부상자수,134.74283416662365,다항회귀
서대문구,2024,기타_부상자수,57.08419224433601,다항회귀
서초구,2024,기타_부상자수,55.13658691942692,다항회귀
성동구,2024,기타_부상자수,110.6799465380609,다항회귀
성북구,2024,기타_부상자수,127.1764443218708,다항회귀
송파구,2024,기타_부상자수,296.9073900440708,다항회귀
양천구,2024,기타_부상자수,179.5229457290843,다항회귀
영등포구,2024,기타_부상자수,10.56534093618393,다항회귀
용산구,2024,기타_부상자수,255.38716734573245,다항회귀
은평구,2024,기타_부상자수,161.7068664659746,다항회귀
종로구,2024,기타_부상자수,67.31765893707052,다항회귀
중구,2024,기타_부상자수,93.99771440215409,다항회귀
중랑구,2024,기타_부상자수,119.13974194228649,다항회귀
강남구,2024,기타_사망자수,0.0,다항회귀
강동구,2024,기타_사망자수,0.0,다항회귀
강북구,2024,기타_사망자수,4.592924639349803,다항회귀
강서구,2024,기타_사망자수,0.6426075836207019,다항회귀
관악구,2024,기타_사망자수,5.98513774946332,다항회귀
광진구,2024,기타_사망자수,0.9464162522926927,다항회귀
구로구,2024,기타_사망자수,0.0,다항회귀
금천구,2024,기타_사망자수,2.8925151547882706,다항회귀
노원구,2024,기타_사망자수,0.0,다항회귀
도봉구,2024,기타_사망자수,1.2376637181732804,다항회귀
동대문구,2024,기타_사망자수,2.5189775234321132,다항회귀
동작구,2024,기타_사망자수,0.7753617174457759,다항회귀
마포구,2024,기타_사망자수,0.9143099065404385,다항회귀
서대문구,2024,기타_사망자수,2.637458235141821,다항회귀
서초구,2024,기타_사망자수,3.3677711280761287,다항회귀
성동구,2024,기타_사망자수,3.13368678255938,다항회귀
성북구,2024,기타_사망자수,2.289370243670419,다항회귀
송파구,2024,기타_사망자수,1.8981189699552488,다항회귀
양천구,2024,기타_사망자수,1.6539295478723943,다항회귀
영등포구,2024,기타_사망자수,0.0,다항회귀
용산구,2024,기타_사망자수,0.0,다항회귀
은평구,2024,기타_사망자수,0.0,다항회귀
종로구,2024,기타_사망자수,1.3181245792657137,다항회귀
중구,2024,기타_사망자수,0.0,다항회귀
중랑구,2024,기타_사망자수,1.1273982664570212,다항회귀
강남구,2024,길가장자리구역통행중_부상자수,102.98809429374523,다항회귀
강동구,2024,길가장자리구역통행중_부상자수,44.148002816480584,다항회귀
강북구,2024,길가장자리구역통행중_부상자수,0.0,다항회귀
강서구,2024,길가장자리구역통행중_부상자수,23.1749137097504,다항회귀
관악구,2024,길가장자리구역통행중_부상자수,45.58885742723942,다항회귀
광진구,2024,길가장자리구역통행중_부상자수,29.30455430224538,다항회귀
구로구,2024,길가장자리구역통행중_부상자수,9.851517487317324,다항회귀
금천구,2024,길가장자리구역통행중_부상자수,7.990866518579423,다항회귀
노원구,2024,길가장자리구역통행중_부상자수,27.898976819589734,다항회귀
도봉구,2024,길가장자리구역통행중_부상자수,7.856856759637594,다항회귀
동대문구,2024,길가장자리구역통행중_부상자수,0.0,다항회귀
동작구,2024,길가장자리구역통행중_부상자수,11.3534816368483,다항회귀
마포구,2024,길가장자리구역통행중_부상자수,9.798369283322245,다항회귀
서대문구,2024,길가장자리구역통행중_부상자수,14.050676771672443,다항회귀
서초구,2024,길가장자리구역통행중_부상자수,26.431417918764055,다항회귀
성동구,2024,길가장자리구역통행중_부상자수,16.918688445468433,다항회귀
성북구,2024,길가장자리구역통행중_부상자수,5.995473010931164,다항회귀
송파구,2024,길가장자리구역통행중_부상자수,0.04295242624357343,다항회귀
양천구,2024,길가장자리구역통행중_부상자수,5.108678355813026,다항회귀
영등포구,2024,길가장자리구역통행중_부상자수,35.04138669394888,다항회귀
용산구,2024,길가장자리구역통행중_부상자수,58.012501331977546,다항회귀
은평구,2024,길가장자리구역통행중_부상자수,0.0,다항회귀
종로구,2024,길가장자리구역통행중_부상자수,15.002255540341139,다항회귀
중구,2024,길가장자리구역통행중_부상자수,1.7383061207947321,다항회귀
중랑구,2024,길가장자리구역통행중_부상자수,3.0652521066367626,다항회귀
강남구,2024,길가장자리구역통행중_사망자수,0.0,다항회귀
강동구,2024,길가장자리구역통행중_사망자수,2.758971786388429,다항회귀
강북구,2024,길가장자리구역통행중_사망자수,0.0,다항회귀
강서구,2024,길가장자리구역통행중_사망자수,0.5792848995988606,다항회귀
관악구,2024,길가장자리구역통행중_사망자수,1.011043094098568,다항회귀
광진구,2024,길가장자리구역통행중_사망자수,1.0063950003823265,다항회귀
구로구,2024,길가장자리구역통행중_사망자수,0.3238021078068414,다항회귀
금천구,2024,길가장자리구역통행중_사망자수,0.003068854450248182,다항회귀
노원구,2024,길가장자리구역통행중_사망자수,0.0,다항회귀
도봉구,2024,길가장자리구역통행중_사망자수,0.05641195307543967,다항회귀
동대문구,2024,길가장자리구역통행중_사망자수,2.6815374423749745,다항회귀
동작구,2024,길가장자리구역통행중_사망자수,0.2704494403587887,다항회귀
마포구,2024,길가장자리구역통행중_사망자수,0.0,다항회귀
서대문구,2024,길가장자리구역통행중_사망자수,0.05773367405345198,다항회귀
서초구,2024,길가장자리구역통행중_사망자수,0.12995856458655908,다항회귀
성동구,2024,길가장자리구역통행중_사망자수,0.0,다항회귀
성북구,2024,길가장자리구역통행중_사망자수,0.0,다항회귀
송파구,2024,길가장자리구역통행중_사망자수,0.4655211743547625,다항회귀
양천구,2024,길가장자리구역통행중_사망자수,0.0,다항회귀
영등포구,2024,길가장자리구역통행중_사망자수,0.6921056098071858,다항회귀
용산구,2024,길가장자리구역통행중_사망자수,1.5686324504449658,다항회귀
은평구,2024,길가장자리구역통행중_사망자수,0.0,다항회귀
종로구,2024,길가장자리구역통행중_사망자수,0.0,다항회귀
중구,2024,길가장자리구역통행중_사망자수,0.020924892072798684,다항회귀
중랑구,2024,길가장자리구역통행중_사망자수,0.0,다항회귀
강남구,2024,보도통행중_부상자수,262.0741030238569,다항회귀
강동구,2024,보도통행중_부상자수,0.0,다항회귀
강북구,2024,보도통행중_부상자수,0.0,다항회귀
강서구,2024,보도통행중_부상자수,18.22259631031193,다항회귀
관악구,2024,보도통행중_부상자수,44.744374230504036,다항회귀
광진구,2024,보도통행중_부상자수,25.493034350685775,다항회귀
구로구,2024,보도통행중_부상자수,25.4879820169881,다항회귀
금천구,2024,보도통행중_부상자수,22.542361396364868,다항회귀
노원구,2024,보도통행중_부상자수,59.27761219441891,다항회귀
도봉구,2024,보도통행중_부상자수,1.5478038508445024,다항회귀
동대문구,2024,보도통행중_부상자수,84.54185538552701,다항회귀
동작구,2024,보도통행중_부상자수,28.99162344483193,다항회귀
마포구,2024,보도통행중_부상자수,38.69587660068646,다항회귀
서대문구,2024,보도통행중_부상자수,13.062254998832941,다항회귀
서초구,2024,보도통행중_부상자수,63.43811739049852,다항회귀
성동구,2024,보도통행중_부상자수,14.446255275048316,다항회귀
성북구,2024,보도통행중_부상자수,18.759972881525755,다항회귀
송파구,2024,보도통행중_부상자수,61.199188554193825,다항회귀
양천구,2024,보도통행중_부상자수,33.535118632018566,다항회귀
영등포구,2024,보도통행중_부상자수,0.0,다항회귀
용산구,2024,보도통행중_부상자수,30.56002930062823,다항회귀
은평구,2024,보도통행중_부상자수,66.19445197866298,다항회귀
종로구,2024,보도통행중_부상자수,29.800471687689424,다항회귀
중구,2024,보도통행중_부상자수,19.36210123519413,다항회귀
중랑구,2024,보도통행중_부상자수,18.980847395956516,다항회귀
강남구,2024,보도통행중_사망자수,0.0,다항회귀
강동구,2024,보도통행중_사망자수,0.7112435704329982,다항회귀
강북구,2024,보도통행중_사망자수,0.8378571565626771,다항회귀
강서구,2024,보도통행중_사망자수,0.0,다항회귀
관악구,2024,보도통행중_사망자수,0.6130453032092191,다항회귀
광진구,2024,보도통행중_사망자수,0.11488295823801309,다항회귀
구로구,2024,보도통행중_사망자수,0.12352657670271583,다항회귀
금천구,2024,보도통행중_사망자수,1.218695029441733,다항회귀
노원구,2024,보도통행중_사망자수,0.2165878238156438,다항회귀
도봉구,2024,보도통행중_사망자수,0.0,다항회귀
동대문구,2024,보도통행중_사망자수,0.0,다항회귀
동작구,2024,보도통행중_사망자수,0.0,다항회귀
마포구,2024,보도통행중_사망자수,0.0,다항회귀
서대문구,2024,보도통행중_사망자수,0.09584929914854001,다항회귀
서초구,2024,보도통행중_사망자수,0.0,다항회귀
성동구,2024,보도통행중_사망자수,0.0,다항회귀
성북구,2024,보도통행중_사망자수,0.7190786299179308,다항회귀
송파구,2024,보도통행중_사망자수,0.8270160481588391,다항회귀
양천구,2024,보도통행중_사망자수,0.0,다항회귀
영등포구,2024,보도통행중_사망자수,0.0,다항회귀
용산구,2024,보도통행중_사망자수,2.0707823740085587,다항회귀
은평구,2024,보도통행중_사망자수,0.0,다항회귀
종로구,2024,보도통행중_사망자수,0.0,다항회귀
중구,2024,보도통행중_사망자수,0.18090916041546734,다항회귀
중랑구,2024,보도통행중_사망자수,0.30896235461113974,다항회귀
강남구,2024,차도 통행중_부상자수,206.409600103274,다항회귀
강동구,2024,차도 통행중_부상자수,0.0,다항회귀
강북구,2024,차도 통행중_부상자수,61.288761764764786,다항회귀
강서구,2024,차도 통행중_부상자수,31.57248089107452,다항회귀
관악구,2024,차도 통행중_부상자수,18.23696768283844,다항회귀
광진구,2024,차도 통행중_부상자수,27.293444545939565,다항회귀
구로구,2024,차도 통행중_부상자수,20.50835820287466,다항회귀
금천구,2024,차도 통행중_부상자수,0.0,다항회귀
노원구,2024,차도 통행중_부상자수,38.77901254594326,다항회귀
도봉구,2024,차도 통행중_부상자수,12.985178526490927,다항회귀
동대문구,2024,차도 통행중_부상자수,69.04017956601456,다항회귀
동작구,2024,차도 통행중_부상자수,43.7559657394886,다항회귀
마포구,2024,차도 통행중_부상자수,8.944825438549742,다항회귀
서대문구,2024,차도 통행중_부상자수,0.0,다항회귀
서초구,2024,차도 통행중_부상자수,55.280506214126945,다항회귀
성동구,2024,차도 통행중_부상자수,24.073147889226675,다항회귀
성북구,2024,차도 통행중_부상자수,15.090661559253931,다항회귀
송파구,2024,차도 통행중_부상자수,62.44271758245304,다항회귀
양천구,2024,차도 통행중_부상자수,11.865432109683752,다항회귀
영등포구,2024,차도 통행중_부상자수,39.90989207196981,다항회귀
용산구,2024,차도 통행중_부상자수,72.38661870080978,다항회귀
은평구,2024,차도 통행중_부상자수,124.26556510105729,다항회귀
종로구,2024,차도 통행중_부상자수,50.49642316065729,다항회귀
중구,2024,차도 통행중_부상자수,25.390250047668815,다항회귀
중랑구,2024,차도 통행중_부상자수,64.87318014539778,다항회귀
강남구,2024,차도 통행중_사망자수,5.746981505071744,다항회귀
강동구,2024,차도 통행중_사망자수,0.0,다항회귀
강북구,2024,차도 통행중_사망자수,0.30123824963811785,다항회귀
강서구,2024,차도 통행중_사망자수,0.0,다항회귀
관악구,2024,차도 통행중_사망자수,0.0,다항회귀
광진구,2024,차도 통행중_사망자수,0.0,다항회귀
구로구,2024,차도 통행중_사망자수,0.22279912459634943,다항회귀
금천구,2024,차도 통행중_사망자수,0.0,다항회귀
노원구,2024,차도 통행중_사망자수,4.252288539893925,다항회귀
도봉구,2024,차도 통행중_사망자수,1.8339705946855247,다항회귀
동대문구,2024,차도 통행중_사망자수,6.460306579945609,다항회귀
동작구,2024,차도 통행중_사망자수,1.9705069279007148,다항회귀
마포구,2024,차도 통행중_사망자수,0.2987404534360394,다항회귀
서대문구,2024,차도 통행중_사망자수,0.0,다항회귀
서초구,2024,차도 통행중_사망자수,0.04565965707297437,다항회귀
성동구,2024,차도 통행중_사망자수,0.0,다항회귀
성북구,2024,차도 통행중_사망자수,1.493141282000579,다항회귀
송파구,2024,차도 통행중_사망자수,0.0,다항회귀
양천구,2024,차도 통행중_사망자수,0.22925715858582407,다항회귀
영등포구,2024,차도 통행중_사망자수,1.3542352430522442,다항회귀
용산구,2024,차도 통행중_사망자수,0.0,다항회귀
은평구,2024,차도 통행중_사망자수,0.8176095138533128,다항회귀
종로구,2024,차도 통행중_사망자수,0.1712536416016519,다항회귀
중구,2024,차도 통행중_사망자수,0.9589274047175422,다항회귀
중랑구,2024,차도 통행중_사망자수,2.6967644304968417,다항회귀
강남구,2024,횡단중_부상자수,479.28704931773245,다항회귀
강동구,2024,횡단중_부상자수,40.753355108434334,다항회귀
강북구,2024,횡단중_부상자수,0.0,다항회귀
강서구,2024,횡단중_부상자수,56.97112488094717,다항회귀
관악구,2024,횡단중_부상자수,12.878421053290367,다항회귀
광진구,2024,횡단중_부상자수,33.13671335950494,다항회귀
구로구,2024,횡단중_부상자수,93.75853270106018,다항회귀
금천구,2024,횡단중_부상자수,45.29089330136776,다항회귀
노원구,2024,횡단중_부상자수,181.14751744270325,다항회귀
도봉구,2024,횡단중_부상자수,61.84011306986213,다항회귀
동대문구,2024,횡단중_부상자수,0.0,다항회귀
동작구,2024,횡단중_부상자수,72.75750263524242,다항회귀
마포구,2024,횡단중_부상자수,65.88197770435363,다항회귀
서대문구,2024,횡단중_부상자수,99.05913551431149,다항회귀
서초구,2024,횡단중_부상자수,66.79544605733827,다항회귀
성동구,2024,횡단중_부상자수,56.086151622235775,다항회귀
성북구,2024,횡단중_부상자수,114.88167784363031,다항회귀
송파구,2024,횡단중_부상자수,89.62756838835776,다항회귀
양천구,2024,횡단중_부상자수,67.87623450905085,다항회귀
영등포구,2024,횡단중_부상자수,71.30927263572812,다항회귀
용산구,2024,횡단중_부상자수,0.0,다항회귀
은평구,2024,횡단중_부상자수,20.38389922399074,다항회귀
종로구,2024,횡단중_부상자수,61.12414764612913,다항회귀
중구,2024,횡단중_부상자수,76.66297382646007,다항회귀
중랑구,2024,횡단중_부상자수,61.210155084729195,다항회귀
강남구,2024,횡단중_사망자수,0.0,다항회귀
강동구,2024,횡단중_사망자수,0.0,다항회귀
강북구,2024,횡단중_사망자수,3.6931401768233627,다항회귀
강서구,2024,횡단중_사망자수,0.5310403820185456,다항회귀
관악구,2024,횡단중_사망자수,0.0,다항회귀
광진구,2024,횡단중_사망자수,0.0,다항회귀
구로구,2024,횡단중_사망자수,0.0,다항회귀
금천구,2024,횡단중_사망자수,1.8231503630522639,다항회귀
노원구,2024,횡단중_사망자수,3.8082409001362976,다항회귀
도봉구,2024,횡단중_사망자수,5.389785569917876,다항회귀
동대문구,2024,횡단중_사망자수,26.703017544932663,다항회귀
동작구,2024,횡단중_사망자수,1.8386043781065382,다항회귀
마포구,2024,횡단중_사망자수,3.3172365000937134,다항회귀
서대문구,2024,횡단중_사망자수,0.24654561304487288,다항회귀
서초구,2024,횡단중_사망자수,2.65913809047197,다항회귀
성동구,2024,횡단중_사망자수,0.0,다항회귀
성북구,2024,횡단중_사망자수,0.1638006919529289,다항회귀
송파구,2024,횡단중_사망자수,0.0,다항회귀
양천구,2024,횡단중_사망자수,1.426590945571661,다항회귀
영등포구,2024,횡단중_사망자수,0.0,다항회귀
용산구,2024,횡단중_사망자수,0.0,다항회귀
은평구,2024,횡단중_사망자수,8.708998568705283,다항회귀
종로구,2024,횡단중_사망자수,1.0268851136788726,다항회귀
중구,2024,횡단중_사망자수,2.3108276143902913,다항회귀
중랑구,2024,횡단중_사망자수,0.0,다항회귀
강남구,2024,뺑소니_발생건수,0.0,다항회귀
강동구,2024,뺑소니_발생건수,117.46724233170971,다항회귀
강북구,2024,뺑소니_발생건수,2.187705745222047,다항회귀
강서구,2024,뺑소니_발생건수,17.817779507953674,다항회귀
관악구,2024,뺑소니_발생건수,24.66712799668312,다항회귀
광진구,2024,뺑소니_발생건수,24.094058577436954,다항회귀
구로구,2024,뺑소니_발생건수,40.42315454687923,다항회귀
금천구,2024,뺑소니_발생건수,12.669301971793175,다항회귀
노원구,2024,뺑소니_발생건수,0.0,다항회귀
도봉구,2024,뺑소니_발생건수,5.132519132690504,다항회귀
동대문구,2024,뺑소니_발생건수,13.617404350079596,다항회귀
동작구,2024,뺑소니_발생건수,6.096549053676426,다항회귀
마포구,2024,뺑소니_발생건수,74.11589385569096,다항회귀
서대문구,2024,뺑소니_발생건수,22.696657478576526,다항회귀
서초구,2024,뺑소니_발생건수,165.32921230973443,다항회귀
성동구,2024,뺑소니_발생건수,22.06117559876293,다항회귀
성북구,2024,뺑소니_발생건수,5.109178554266691,다항회귀
송파구,2024,뺑소니_발생건수,86.22216882201246,다항회귀
양천구,2024,뺑소니_발생건수,48.39913521334529,다항회귀
영등포구,2024,뺑소니_발생건수,52.117262738291174,다항회귀
용산구,2024,뺑소니_발생건수,134.00163691979833,다항회귀
은평구,2024,뺑소니_발생건수,17.290042690001428,다항회귀
종로구,2024,뺑소니_발생건수,24.28632821753854,다항회귀
중구,2024,뺑소니_발생건수,25.356013126671314,다항회귀
중랑구,2024,뺑소니_발생건수,26.708799224346876,다항회귀
강남구,2024,뺑소니_부상자수,0.0,다항회귀
강동구,2024,뺑소니_부상자수,163.6227187164768,다항회귀
강북구,2024,뺑소니_부상자수,4.427475918084383,다항회귀
강서구,2024,뺑소니_부상자수,44.68930057855323,다항회귀
관악구,2024,뺑소니_부상자수,24.434771694242954,다항회귀
광진구,2024,뺑소니_부상자수,30.635290764272213,다항회귀
구로구,2024,뺑소니_부상자수,57.632697994820774,다항회귀
금천구,2024,뺑소니_부상자수,19.275595689658076,다항회귀
노원구,2024,뺑소니_부상자수,11.704239528626204,다항회귀
도봉구,2024,뺑소니_부상자수,0.5775674879550934,다항회귀
동대문구,2024,뺑소니_부상자수,38.99667618330568,다항회귀
동작구,2024,뺑소니_부상자수,8.747355613857508,다항회귀
마포구,2024,뺑소니_부상자수,107.4678953634575,다항회귀
서대문구,2024,뺑소니_부상자수,32.45072988560423,다항회귀
서초구,2024,뺑소니_부상자수,174.55365379026625,다항회귀
성동구,2024,뺑소니_부상자수,31.968187168240547,다항회귀
성북구,2024,뺑소니_부상자수,0.0,다항회귀
송파구,2024,뺑소니_부상자수,110.08997451954201,다항회귀
양천구,2024,뺑소니_부상자수,66.07102962583303,다항회귀
영등포구,2024,뺑소니_부상자수,68.9368991353549,다항회귀
용산구,2024,뺑소니_부상자수,222.00961673352867,다항회귀
은평구,2024,뺑소니_부상자수,48.19688189798035,다항회귀
종로구,2024,뺑소니_부상자수,31.31383842555806,다항회귀
중구,2024,뺑소니_부상자수,28.963129826821387,다항회귀
중랑구,2024,뺑소니_부상자수,31.942967914044857,다항회귀
강남구,2024,뺑소니_사망자수,0.0,다항회귀
강동구,2024,뺑소니_사망자수,1.6550944855607668,다항회귀
강북구,2024,뺑소니_사망자수,0.993685023218859,다항회귀
강서구,2024,뺑소니_사망자수,0.06474009639350697,다항회귀
관악구,2024,뺑소니_사망자수,3.0198821891099215,다항회귀
광진구,2024,뺑소니_사망자수,0.7059968332760036,다항회귀
구로구,2024,뺑소니_사망자수,0.1277300042565912,다항회귀
금천구,2024,뺑소니_사망자수,0.0,다항회귀
노원구,2024,뺑소니_사망자수,0.0,다항회귀
도봉구,2024,뺑소니_사망자수,0.13034271146170795,다항회귀
동대문구,2024,뺑소니_사망자수,4.4197387006133795,다항회귀
동작구,2024,뺑소니_사망자수,0.05660974042257294,다항회귀
마포구,2024,뺑소니_사망자수,0.028286801854847,다항회귀
서대문구,2024,뺑소니_사망자수,1.301733134787355,다항회귀
서초구,2024,뺑소니_사망자수,0.0,다항회귀
성동구,2024,뺑소니_사망자수,0.0,다항회귀
성북구,2024,뺑소니_사망자수,0.7097525840217713,다항회귀
송파구,2024,뺑소니_사망자수,0.0,다항회귀
양천구,2024,뺑소니_사망자수,0.20445298147387803,다항회귀
영등포구,2024,뺑소니_사망자수,2.380748452851549,다항회귀
용산구,2024,뺑소니_사망자수,2.2429443244618597,다항회귀
은평구,2024,뺑소니_사망자수,0.0,다항회귀
종로구,2024,뺑소니_사망자수,0.18275363522116095,다항회귀
중구,2024,뺑소니_사망자수,0.0,다항회귀
중랑구,2024,뺑소니_사망자수,0.0496652836445719,다항회귀
강남구,2024,자전거_발생건수,111.62554425001144,다항회귀
강동구,2024,자전거_발생건수,271.71463472326286,다항회귀
강북구,2024,자전거_발생건수,105.30388453230262,다항회귀
강서구,2024,자전거_발생건수,177.77329332754016,다항회귀
관악구,2024,자전거_발생건수,41.43470606952906,다항회귀
광진구,2024,자전거_발생건수,74.65387115068734,다항회귀
구로구,2024,자전거_발생건수,137.2836283231154,다항회귀
금천구,2024,자전거_발생건수,40.85531084612012,다항회귀
노원구,2024,자전거_발생건수,71.56657701730728,다항회귀
도봉구,2024,자전거_발생건수,63.29870781302452,다항회귀
동대문구,2024,자전거_발생건수,367.6987421698868,다항회귀
동작구,2024,자전거_발생건수,81.20656895736465,다항회귀
마포구,2024,자전거_발생건수,62.396544306539,다항회귀
서대문구,2024,자전거_발생건수,50.49545532371849,다항회귀
서초구,2024,자전거_발생건수,85.50428539008135,다항회귀
성동구,2024,자전거_발생건수,116.74120450112969,다항회귀
성북구,2024,자전거_발생건수,62.99709707079455,다항회귀
송파구,2024,자전거_발생건수,260.58928019180894,다항회귀
양천구,2024,자전거_발생건수,109.54462962597609,다항회귀
영등포구,2024,자전거_발생건수,211.49833366461098,다항회귀
용산구,2024,자전거_발생건수,91.15061443392187,다항회귀
은평구,2024,자전거_발생건수,97.35669730586233,다항회귀
종로구,2024,자전거_발생건수,34.94610946837929,다항회귀
중구,2024,자전거_발생건수,50.917104060034035,다항회귀
중랑구,2024,자전거_발생건수,134.591901704669,다항회귀
강남구,2024,자전거_사망자수,0.0,다항회귀
강동구,2024,자전거_사망자수,0.0,다항회귀
강북구,2024,자전거_사망자수,2.088331693143118,다항회귀
강서구,2024,자전거_사망자수,0.0,다항회귀
관악구,2024,자전거_사망자수,3.297622918849811,다항회귀
광진구,2024,자전거_사망자수,0.6069449605420232,다항회귀
구로구,2024,자전거_사망자수,0.0,다항회귀
금천구,2024,자전거_사망자수,1.2216933464223985,다항회귀
노원구,2024,자전거_사망자수,3.076000221306458,다항회귀
도봉구,2024,자전거_사망자수,0.719819915597327,다항회귀
동대문구,2024,자전거_사망자수,0.0,다항회귀
동작구,2024,자전거_사망자수,0.10978085704846308,다항회귀
마포구,2024,자전거_사망자수,1.8026429909587023,다항회귀
서대문구,2024,자전거_사망자수,0.34036072961316677,다항회귀
서초구,2024,자전거_사망자수,0.0,다항회귀
성동구,2024,자전거_사망자수,0.3945435354762594,다항회귀
성북구,2024,자전거_사망자수,1.8022366269724444,다항회귀
송파구,2024,자전거_사망자수,2.9595809549973637,다항회귀
양천구,2024,자전거_사망자수,3.448706236667931,다항회귀
영등포구,2024,자전거_사망자수,0.0,다항회귀
용산구,2024,자전거_사망자수,0.6679795671989268,다항회귀
은평구,2024,자전거_사망자수,0.0,다항회귀
종로구,2024,자전거_사망자수,0.5408998611674178,다항회귀
중구,2024,자전거_사망자수,0.0,다항회귀
중랑구,2024,자전거_사망자수,0.6724892491474748,다항회귀
강남구,2024,자전거_부상자수,133.65373501833528,다항회귀
강동구,2024,자전거_부상자수,288.6609177184291,다항회귀
강북구,2024,자전거_부상자수,101.54957530274987,다항회귀
강서구,2024,자전거_부상자수,197.0211514616385,다항회귀
관악구,2024,자전거_부상자수,37.93604989349842,다항회귀
광진구,2024,자전거_부상자수,88.45768228173256,다항회귀
구로구,2024,자전거_부상자수,153.39372429065406,다항회귀
금천구,2024,자전거_부상자수,46.79711091192439,다항회귀
노원구,2024,자전거_부상자수,63.01956211030483,다항회귀
도봉구,2024,자전거_부상자수,67.09511514008045,다항회귀
동대문구,2024,자전거_부상자수,420.38211910799146,다항회귀
동작구,2024,자전거_부상자수,90.37093528336845,다항회귀
마포구,2024,자전거_부상자수,65.141193642281,다항회귀
서대문구,2024,자전거_부상자수,50.23580779880285,다항회귀
서초구,2024,자전거_부상자수,91.66570860694628,다항회귀
성동구,2024,자전거_부상자수,130.9516397388652,다항회귀
성북구,2024,자전거_부상자수,67.43778786249459,다항회귀
송파구,2024,자전거_부상자수,280.6064493600279,다항회귀
양천구,2024,자전거_부상자수,117.19969126209617,다항회귀
영등포구,2024,자전거_부상자수,216.715394731611,다항회귀
용산구,2024,자전거_부상자수,86.6421921690926,다항회귀
은평구,2024,자전거_부상자수,108.5373868450406,다항회귀
종로구,2024,자전거_부상자수,38.31721299467608,다항회귀
중구,2024,자전거_부상자수,54.39245011677849,다항회귀
중랑구,2024,자전거_부상자수,154.8123809993267,다항회귀
강남구,2024,차대사람_사상자수,810.5831438396126,다항회귀
강동구,2024,차대사람_사상자수,439.0255013820715,다항회귀
강북구,2024,차대사람_사상자수,206.37253745272756,다항회귀
강서구,2024,차대사람_사상자수,380.27649604016915,다항회귀
관악구,2024,차대사람_사상자수,269.4483685195446,다항회귀
광진구,2024,차대사람_사상자수,160.9442631509155,다항회귀
구로구,2024,차대사람_사상자수,317.94116492941976,다항회귀
금천구,2024,차대사람_사상자수,166.70300804451108,다항회귀
노원구,2024,차대사람_사상자수,297.19388149678707,다항회귀
도봉구,2024,차대사람_사상자수,155.05705738067627,다항회귀
동대문구,2024,차대사람_사상자수,142.2654122337699,다항회귀
동작구,2024,차대사람_사상자수,321.17951852828264,다항회귀
마포구,2024,차대사람_사상자수,267.07911900116596,다항회귀
서대문구,2024,차대사람_사상자수,139.51020454475656,다항회귀
서초구,2024,차대사람_사상자수,281.46725098602474,다항회귀
성동구,2024,차대사람_사상자수,225.31037379888585,다항회귀
성북구,2024,차대사람_사상자수,281.3239331310615,다항회귀
송파구,2024,차대사람_사상자수,493.18996251467615,다항회귀
양천구,2024,차대사람_사상자수,300.31077042222023,다항회귀
영등포구,2024,차대사람_사상자수,160.13978163152933,다항회귀
용산구,2024,차대사람_사상자수,336.1612760722637,다항회귀
은평구,2024,차대사람_사상자수,365.3945394968614,다항회귀
종로구,2024,차대사람_사상자수,228.86264821421355,다항회귀
중구,2024,차대사람_사상자수,236.70394949801266,다항회귀
중랑구,2024,차대사람_사상자수,291.92870280891657,다항회귀
강남구,2024,차대차_사상자수,3787.9746447615325,다항회귀
강동구,2024,차대차_사상자수,1397.959866083227,다항회귀
강북구,2024,차대차_사상자수,858.4776776582003,다항회귀
강서구,2024,차대차_사상자수,1757.1719065029174,다항회귀
관악구,2024,차대차_사상자수,1234.6861247718334,다항회귀
광진구,2024,차대차_사상자수,692.38388197124,다항회귀
구로구,2024,차대차_사상자수,1421.5227056629956,다항회귀
금천구,2024,차대차_사상자수,859.2613350600004,다항회귀
노원구,2024,차대차_사상자수,1530.8684629574418,다항회귀
도봉구,2024,차대차_사상자수,491.26789589226246,다항회귀
동대문구,2024,차대차_사상자수,1814.654885828495,다항회귀
동작구,2024,차대차_사상자수,1281.0149348564446,다항회귀
마포구,2024,차대차_사상자수,1390.8213619561866,다항회귀
서대문구,2024,차대차_사상자수,822.2249049171805,다항회귀
서초구,2024,차대차_사상자수,2523.3555890768766,다항회귀
성동구,2024,차대차_사상자수,930.2954863226041,다항회귀
성북구,2024,차대차_사상자수,1307.8411799892783,다항회귀
송파구,2024,차대차_사상자수,3019.162597095594,다항회귀
양천구,2024,차대차_사상자수,1382.0863006561995,다항회귀
영등포구,2024,차대차_사상자수,2505.0157601088285,다항회귀
용산구,2024,차대차_사상자수,794.7105889171362,다항회귀
은평구,2024,차대차_사상자수,1101.964458528906,다항회귀
종로구,2024,차대차_사상자수,964.5729400962591,다항회귀
중구,2024,차대차_사상자수,986.8874722775072,다항회귀
중랑구,2024,차대차_사상자수,1400.6684073507786,다항회귀
강남구,2024,차량단독_사상자수,39.79013653146103,다항회귀
강동구,2024,차량단독_사상자수,29.159580617095344,다항회귀
강북구,2024,차량단독_사상자수,29.988121427595615,다항회귀
강서구,2024,차량단독_사상자수,27.38815793581307,다항회귀
관악구,2024,차량단독_사상자수,24.5392349883914,다항회귀
광진구,2024,차량단독_사상자수,3.3237254845298594,다항회귀
구로구,2024,차량단독_사상자수,29.091488517820835,다항회귀
금천구,2024,차량단독_사상자수,49.93847503699362,다항회귀
노원구,2024,차량단독_사상자수,59.54971359670162,다항회귀
도봉구,2024,차량단독_사상자수,30.037112146615982,다항회귀
동대문구,2024,차량단독_사상자수,52.486337741836905,다항회귀
동작구,2024,차량단독_사상자수,51.50659921602346,다항회귀
마포구,2024,차량단독_사상자수,0.3123491909354925,다항회귀
서대문구,2024,차량단독_사상자수,45.715140089043416,다항회귀
서초구,2024,차량단독_사상자수,43.37495005107485,다항회귀
성동구,2024,차량단독_사상자수,6.703967998269945,다항회귀
성북구,2024,차량단독_사상자수,62.20802735630423,다항회귀
송파구,2024,차량단독_사상자수,37.13182018371299,다항회귀
양천구,2024,차량단독_사상자수,38.361543886363506,다항회귀
영등포구,2024,차량단독_사상자수,93.75072517618537,다항회귀
용산구,2024,차량단독_사상자수,45.276177524589,다항회귀
은평구,2024,차량단독_사상자수,75.5081442296505,다항회귀
종로구,2024,차량단독_사상자수,51.282508067786694,다항회귀
중구,2024,차량단독_사상자수,30.187169389799237,다항회귀
중랑구,2024,차량단독_사상자수,26.163104782812297,다항회귀
강남구,2024,차대사람_발생건수,814.1814650893211,다항회귀
강동구,2024,차대사람_발생건수,470.2705744295381,다항회귀
강북구,2024,차대사람_발생건수,200.1668351404369,다항회귀
강서구,2024,차대사람_발생건수,365.27056486858055,다항회귀
관악구,2024,차대사람_발생건수,245.31539964675903,다항회귀
광진구,2024,차대사람_발생건수,156.90871738642454,다항회귀
구로구,2024,차대사람_발생건수,311.6319004949182,다항회귀
금천구,2024,차대사람_발생건수,160.09353300742805,다항회귀
노원구,2024,차대사람_발생건수,266.02920238673687,다항회귀
도봉구,2024,차대사람_발생건수,152.08788795024157,다항회귀
동대문구,2024,차대사람_발생건수,103.11853887885809,다항회귀
동작구,2024,차대사람_발생건수,301.32871602941304,다항회귀
마포구,2024,차대사람_발생건수,250.23933743522502,다항회귀
서대문구,2024,차대사람_발생건수,134.64712393470109,다항회귀
서초구,2024,차대사람_발생건수,260.31658831238747,다항회귀
성동구,2024,차대사람_발생건수,213.2155778777087,다항회귀
성북구,2024,차대사람_발생건수,265.87485102936625,다항회귀
송파구,2024,차대사람_발생건수,468.5567601323128,다항회귀
양천구,2024,차대사람_발생건수,287.9211443066597,다항회귀
영등포구,2024,차대사람_발생건수,160.3504913970828,다항회귀
용산구,2024,차대사람_발생건수,317.69395601167344,다항회귀
은평구,2024,차대사람_발생건수,331.91085228323936,다항회귀
종로구,2024,차대사람_발생건수,209.86485121399164,다항회귀
중구,2024,차대사람_발생건수,219.58824986312538,다항회귀
중랑구,2024,차대사람_발생건수,264.4794453829527,다항회귀
강남구,2024,차대차_발생건수,2898.039357030764,다항회귀
강동구,2024,차대차_발생건수,940.6462787028868,다항회귀
강북구,2024,차대차_발생건수,650.737457126379,다항회귀
강서구,2024,차대차_발생건수,1149.3668683841825,다항회귀
관악구,2024,차대차_발생건수,998.855342656374,다항회귀
광진구,2024,차대차_발생건수,626.9160371068865,다항회귀
구로구,2024,차대차_발생건수,981.6808772105724,다항회귀
금천구,2024,차대차_발생건수,590.9659005813301,다항회귀
노원구,2024,차대차_발생건수,985.252003878355,다항회귀
도봉구,2024,차대차_발생건수,343.8180830106139,다항회귀
동대문구,2024,차대차_발생건수,1358.774929471314,다항회귀
동작구,2024,차대차_발생건수,877.3472550408915,다항회귀
마포구,2024,차대차_발생건수,942.4752759604016,다항회귀
서대문구,2024,차대차_발생건수,643.9672671221197,다항회귀
서초구,2024,차대차_발생건수,1714.0775570087135,다항회귀
성동구,2024,차대차_발생건수,689.0743272819091,다항회귀
성북구,2024,차대차_발생건수,965.5014345124364,다항회귀
송파구,2024,차대차_발생건수,1988.3187672561035,다항회귀
양천구,2024,차대차_발생건수,955.4750838875771,다항회귀
영등포구,2024,차대차_발생건수,1713.4742966033518,다항회귀
용산구,2024,차대차_발생건수,513.0815169243142,다항회귀
은평구,2024,차대차_발생건수,818.6310991235077,다항회귀
종로구,2024,차대차_발생건수,660.3272019866854,다항회귀
중구,2024,차대차_발생건수,728.0818597916514,다항회귀
중랑구,2024,차대차_발생건수,912.1547694504261,다항회귀
강남구,2024,차량단독_발생건수,15.882697604130954,다항회귀
강동구,2024,차량단독_발생건수,33.04862593882717,다항회귀
강북구,2024,차량단독_발생건수,28.426532696932554,다항회귀
강서구,2024,차량단독_발생건수,31.77998813195154,다항회귀
관악구,2024,차량단독_발생건수,10.678251884877682,다항회귀
광진구,2024,차량단독_발생건수,12.758869622834027,다항회귀
구로구,2024,차량단독_발생건수,28.84069937095046,다항회귀
금천구,2024,차량단독_발생건수,46.0586893260479,다항회귀
노원구,2024,차량단독_발생건수,47.26272448897362,다항회귀
도봉구,2024,차량단독_발생건수,25.479758821427822,다항회귀
동대문구,2024,차량단독_발생건수,36.527025048621,다항회귀
동작구,2024,차량단독_발생건수,50.05330880964175,다항회귀
마포구,2024,차량단독_발생건수,8.952426302923413,다항회귀
서대문구,2024,차량단독_발생건수,43.16774601791985,다항회귀
서초구,2024,차량단독_발생건수,53.01939572853735,다항회귀
성동구,2024,차량단독_발생건수,8.720119829871692,다항회귀
성북구,2024,차량단독_발생건수,58.56377295125276,다항회귀
송파구,2024,차량단독_발생건수,38.10346546955407,다항회귀
양천구,2024,차량단독_발생건수,37.8518133033067,다항회귀
영등포구,2024,차량단독_발생건수,60.50090467277914,다항회귀
용산구,2024,차량단독_발생건수,25.530836783349514,다항회귀
은평구,2024,차량단독_발생건수,73.81712942151353,다항회귀
종로구,2024,차량단독_발생건수,44.2196445412701,다항회귀
중구,2024,차량단독_발생건수,31.702883134479634,다항회귀
중랑구,2024,차량단독_발생건수,24.345036873593926,다항회귀
강남구,2024,인구 10만명당 부상자수 (명),809.5657100761309,다항회귀
강동구,2024,인구 10만명당 부상자수 (명),416.4902375501115,다항회귀
강북구,2024,인구 10만명당 부상자수 (명),387.1323630232364,다항회귀
강서구,2024,인구 10만명당 부상자수 (명),383.33383587759454,다항회귀
관악구,2024,인구 10만명당 부상자수 (명),315.88367209769785,다항회귀
광진구,2024,인구 10만명당 부상자수 (명),259.70126674696803,다항회귀
구로구,2024,인구 10만명당 부상자수 (명),432.31584669230506,다항회귀
금천구,2024,인구 10만명당 부상자수 (명),448.28205831348896,다항회귀
노원구,2024,인구 10만명당 부상자수 (명),373.8425854034722,다항회귀
도봉구,2024,인구 10만명당 부상자수 (명),222.96990609914064,다항회귀
동대문구,2024,인구 10만명당 부상자수 (명),542.4071465255693,다항회귀
동작구,2024,인구 10만명당 부상자수 (명),427.8863762784749,다항회귀
마포구,2024,인구 10만명당 부상자수 (명),443.96114893071353,다항회귀
서대문구,2024,인구 10만명당 부상자수 (명),316.8541852850467,다항회귀
서초구,2024,인구 10만명당 부상자수 (명),690.9130058914889,다항회귀
성동구,2024,인구 10만명당 부상자수 (명),416.9827942401171,다항회귀
성북구,2024,인구 10만명당 부상자수 (명),389.0745244547725,다항회귀
송파구,2024,인구 10만명당 부상자수 (명),530.1971425663214,다항회귀
양천구,2024,인구 10만명당 부상자수 (명),399.59269715845585,다항회귀
영등포구,2024,인구 10만명당 부상자수 (명),698.618771661073,다항회귀
용산구,2024,인구 10만명당 부상자수 (명),510.5315836695954,다항회귀
은평구,2024,인구 10만명당 부상자수 (명),351.7468763096258,다항회귀
종로구,2024,인구 10만명당 부상자수 (명),842.7212432771921,다항회귀
중구,2024,인구 10만명당 부상자수 (명),951.3034039679915,다항회귀
중랑구,2024,인구 10만명당 부상자수 (명),447.21692880243063,다항회귀
강남구,2024,인구 10만명당 사망자수 (명),0.0,다항회귀
강동구,2024,인구 10만명당 사망자수 (명),1.3742136824293993,다항회귀
강북구,2024,인구 10만명당 사망자수 (명),3.3066871592309326,다항회귀
강서구,2024,인구 10만명당 사망자수 (명),0.795346068967774,다항회귀
관악구,2024,인구 10만명당 사망자수 (명),2.5665710968896747,다항회귀
광진구,2024,인구 10만명당 사망자수 (명),0.0,다항회귀
구로구,2024,인구 10만명당 사망자수 (명),1.3025925308124897,다항회귀
금천구,2024,인구 10만명당 사망자수 (명),5.414678905624896,다항회귀
노원구,2024,인구 10만명당 사망자수 (명),2.5839880668208934,다항회귀
도봉구,2024,인구 10만명당 사망자수 (명),1.6122814506816212,다항회귀
동대문구,2024,인구 10만명당 사망자수 (명),11.128632433712482,다항회귀
동작구,2024,인구 10만명당 사망자수 (명),1.4371307763576624,다항회귀
마포구,2024,인구 10만명당 사망자수 (명),3.1371169466510764,다항회귀
서대문구,2024,인구 10만명당 사망자수 (명),2.1043859793571755,다항회귀
서초구,2024,인구 10만명당 사망자수 (명),1.3690148949535796,다항회귀
성동구,2024,인구 10만명당 사망자수 (명),1.2994795475970022,다항회귀
성북구,2024,인구 10만명당 사망자수 (명),2.963349692290649,다항회귀
송파구,2024,인구 10만명당 사망자수 (명),0.5354629630201089,다항회귀
양천구,2024,인구 10만명당 사망자수 (명),1.6359977369429544,다항회귀
영등포구,2024,인구 10만명당 사망자수 (명),0.0,다항회귀
용산구,2024,인구 10만명당 사망자수 (명),7.108268000301905,다항회귀
은평구,2024,인구 10만명당 사망자수 (명),0.0,다항회귀
종로구,2024,인구 10만명당 사망자수 (명),3.509947662067134,다항회귀
중구,2024,인구 10만명당 사망자수 (명),0.6501167812966742,다항회귀
중랑구,2024,인구 10만명당 사망자수 (명),0.8877576986560598,다항회귀
강남구,2024,자동차 1만대당 발생건수 (건),123.92430886265356,다항회귀
강동구,2024,자동차 1만대당 발생건수 (건),88.27583575696917,다항회귀
강북구,2024,자동차 1만대당 발생건수 (건),99.83753177453764,다항회귀
강서구,2024,자동차 1만대당 발생건수 (건),69.38253328985593,다항회귀
관악구,2024,자동차 1만대당 발생건수 (건),87.49324837233871,다항회귀
광진구,2024,자동차 1만대당 발생건수 (건),67.77134767046664,다항회귀
구로구,2024,자동차 1만대당 발생건수 (건),82.01981409499422,다항회귀
금천구,2024,자동차 1만대당 발생건수 (건),77.55373604269698,다항회귀
노원구,2024,자동차 1만대당 발생건수 (건),74.408614421729,다항회귀
도봉구,2024,자동차 1만대당 발생건수 (건),48.34628706006333,다항회귀
동대문구,2024,자동차 1만대당 발생건수 (건),120.04131958904327,다항회귀
동작구,2024,자동차 1만대당 발생건수 (건),101.50117668401072,다항회귀
마포구,2024,자동차 1만대당 발생건수 (건),87.71598632089263,다항회귀
서대문구,2024,자동차 1만대당 발생건수 (건),77.8412954264495,다항회귀
서초구,2024,자동차 1만대당 발생건수 (건),109.21913938957732,다항회귀
성동구,2024,자동차 1만대당 발생건수 (건),75.91375274877646,다항회귀
성북구,2024,자동차 1만대당 발생건수 (건),90.57073124381714,다항회귀
송파구,2024,자동차 1만대당 발생건수 (건),92.63994198334694,다항회귀
양천구,2024,자동차 1만대당 발생건수 (건),78.78511319030076,다항회귀
영등포구,2024,자동차 1만대당 발생건수 (건),109.83779130014591,다항회귀
용산구,2024,자동차 1만대당 발생건수 (건),86.60046217884519,다항회귀
은평구,2024,자동차 1만대당 발생건수 (건),81.5109552393551,다항회귀
종로구,2024,자동차 1만대당 발생건수 (건),127.81911888718605,다항회귀
중구,2024,자동차 1만대당 발생건수 (건),158.65209993813187,다항회귀
중랑구,2024,자동차 1만대당 발생건수 (건),82.46835246728733,다항회귀
